metal,condition,seed,feature,group,perm,builtin,shap
Cd,clean,42,amp_mean,mean,0.7869907663558939,0.002208468752057049,
Cd,clean,42,amp_std,std,0.08428165463736284,0.0033116236886060716,
Cd,clean,42,pos_mean,mean,0.07338523174952302,0.0006180377482299926,
Cd,clean,42,pos_std,std,0.0005248194399325668,0.0006094380316327907,
Cd,clean,42,wid_mean,mean,21.496101398492907,0.6852961649496023,
Cd,clean,42,wid_std,std,0.0,0.0010105549528119648,
Cd,clean,42,area_mean,mean,0.42812357701257114,0.005159530978364958,
Cd,clean,42,area_std,std,0.004440166369907855,0.0007981344591566627,
Cd,clean,42,skew_mean,mean,0.9597862102230359,0.04184172004044913,
Cd,clean,42,skew_std,std,0.07079853330734161,0.0018432281921886586,
Cd,clean,42,snr_mean,mean,3.5519637106665174,0.007546633981213899,
Cd,clean,42,snr_std,std,0.04090010645759118,0.0004628095963458535,
Cd,clean,42,bl_mean,mean,7.430210984636967,0.24706757025879122,
Cd,clean,42,bl_std,std,0.026299002908269403,0.0011460205178373656,
Cd,clean,42,amp_cv,cv,0.048608084433402574,0.0004875756164731161,
Cd,clean,42,pos_cv,cv,0.005138943509520794,0.00022545684186281613,
Cd,clean,42,area_cv,cv,0.0030212909772821817,0.0003670313943762662,
Cd,augmented,42,amp_mean,mean,1.053668436221183,0.004123968656426654,
Cd,augmented,42,amp_std,std,0.65976079019671,0.020787226166557555,
Cd,augmented,42,pos_mean,mean,0.041949168878207925,0.0007781621718939602,
Cd,augmented,42,pos_std,std,0.005376147790119673,0.0001361827702560716,
Cd,augmented,42,wid_mean,mean,22.181049822572028,0.6693767722626163,
Cd,augmented,42,wid_std,std,0.0023682514629075335,0.002217707822480483,
Cd,augmented,42,area_mean,mean,1.224070984707284,0.010293849528197703,
Cd,augmented,42,area_std,std,0.6292270919963652,0.02651574254460926,
Cd,augmented,42,skew_mean,mean,0.3221442313950168,0.025636882951744353,
Cd,augmented,42,skew_std,std,0.018266761091125495,0.00671870043492428,
Cd,augmented,42,snr_mean,mean,0.43935592715417116,0.004206408221085515,
Cd,augmented,42,snr_std,std,0.06149467476200689,0.0005821437750879856,
Cd,augmented,42,bl_mean,mean,5.6276421577741305,0.22461421840353638,
Cd,augmented,42,bl_std,std,0.10191663205008497,0.0009003081554131608,
Cd,augmented,42,amp_cv,cv,0.010318273426428886,0.0016229185688360827,
Cd,augmented,42,pos_cv,cv,0.008336416834156668,0.0004112255054057318,
Cd,augmented,42,area_cv,cv,0.021203569447546495,0.0010775820609286253,
Pb,clean,42,amp_mean,mean,13.891785611109986,0.8677398919262838,
Pb,clean,42,amp_std,std,0.05265035289994271,0.0006687065747948105,
Pb,clean,42,pos_mean,mean,0.1356489223182224,0.015107519936930835,
Pb,clean,42,pos_std,std,0.0017994691358024894,0.0002496918818411749,
Pb,clean,42,wid_mean,mean,0.10792857052523552,0.001694830353627964,
Pb,clean,42,wid_std,std,0.015083409008953686,0.00011327544305358576,
Pb,clean,42,area_mean,mean,2.62867599838984,0.027351367939714395,
Pb,clean,42,area_std,std,0.03910889601831844,0.0018818513379544194,
Pb,clean,42,skew_mean,mean,0.07366850003339151,0.003280094664494648,
Pb,clean,42,skew_std,std,0.21004731047408493,0.0011276699481849721,
Pb,clean,42,snr_mean,mean,3.0407829298275404,0.05531386490887956,
Pb,clean,42,snr_std,std,0.04730567721441666,0.006027522673795786,
Pb,clean,42,bl_mean,mean,0.13840690560530938,0.010355124211147166,
Pb,clean,42,bl_std,std,0.024854178602373166,0.005460225510012189,
Pb,clean,42,amp_cv,cv,0.030739973301185986,0.0001425892101988857,
Pb,clean,42,pos_cv,cv,0.0032451395061728894,0.0003000680878456079,
Pb,clean,42,area_cv,cv,0.7768316965809208,0.0031857053912403236,
Pb,augmented,42,amp_mean,mean,13.288827035129477,0.8668187023714915,
Pb,augmented,42,amp_std,std,0.03391348095727158,0.0003922895943257141,
Pb,augmented,42,pos_mean,mean,0.10885614952103251,0.014734675383154972,
Pb,augmented,42,pos_std,std,1.191085991267578,0.001955270435206525,
Pb,augmented,42,wid_mean,mean,0.36314444244054017,0.0012486939723652462,
Pb,augmented,42,wid_std,std,0.03509390430706316,0.00020681054284342216,
Pb,augmented,42,area_mean,mean,2.750613770390389,0.028662447113850843,
Pb,augmented,42,area_std,std,0.2080896204427209,0.005043180235260354,
Pb,augmented,42,skew_mean,mean,0.012371040292639648,0.002152617188588975,
Pb,augmented,42,skew_std,std,0.02419582288473058,0.00011502172397457081,
Pb,augmented,42,snr_mean,mean,3.5513039340431107,0.051437612460334965,
Pb,augmented,42,snr_std,std,0.04271378871892752,0.010901090791240901,
Pb,augmented,42,bl_mean,mean,0.04261864841871465,0.010929584432432757,
Pb,augmented,42,bl_std,std,0.1443077459596113,0.0046821374639644895,
Pb,augmented,42,amp_cv,cv,0.010159771848858957,6.74789372462028e-05,
Pb,augmented,42,pos_cv,cv,0.1254000422760916,0.0004701035248194723,
Pb,augmented,42,area_cv,cv,0.007469252422375278,0.00018228382889912993,
Cd,clean,7,amp_mean,mean,0.7078218600344496,0.003434275265308084,
Cd,clean,7,amp_std,std,0.0688079540489437,0.0015003526079057005,
Cd,clean,7,pos_mean,mean,0.10664711622297099,0.001090234490020414,
Cd,clean,7,pos_std,std,0.029988754906102456,0.0006040336513164911,
Cd,clean,7,wid_mean,mean,20.188440206822087,0.688106116502687,
Cd,clean,7,wid_std,std,0.0005824432098766597,0.001924032625507805,
Cd,clean,7,area_mean,mean,1.514020379479285,0.01363265188505045,
Cd,clean,7,area_std,std,0.019901180282517618,0.0012127479385622157,
Cd,clean,7,skew_mean,mean,0.341021498819306,0.026810989763542112,
Cd,clean,7,skew_std,std,0.044088134439240534,0.008232378775696414,
Cd,clean,7,snr_mean,mean,3.0900409959773745,0.004015602607619308,
Cd,clean,7,snr_std,std,0.16720371383110216,0.001078323115700008,
Cd,clean,7,bl_mean,mean,6.936778106314892,0.24107089983539018,
Cd,clean,7,bl_std,std,0.05975787834377425,0.001057178094544446,
Cd,clean,7,amp_cv,cv,0.09835902505879521,0.0012198105566059408,
Cd,clean,7,pos_cv,cv,0.002210584718210029,0.0005134699128609228,
Cd,clean,7,area_cv,cv,0.0,0.004496902371682511,
Cd,augmented,7,amp_mean,mean,2.079065307386493,0.006082186221613964,
Cd,augmented,7,amp_std,std,0.32332621901183345,0.014728246041839017,
Cd,augmented,7,pos_mean,mean,0.1921165506209168,0.0008842715845099603,
Cd,augmented,7,pos_std,std,0.0016849714184159204,0.0002585595838175615,
Cd,augmented,7,wid_mean,mean,19.346798219683784,0.5987193737266757,
Cd,augmented,7,wid_std,std,0.10003962435985521,0.040019300089742325,
Cd,augmented,7,area_mean,mean,2.7615891322629436,0.03329952988284143,
Cd,augmented,7,area_std,std,0.41498403510009735,0.023868186349780475,
Cd,augmented,7,skew_mean,mean,0.3157676282083975,0.025037106031675263,
Cd,augmented,7,skew_std,std,0.1944888285464063,0.001720568524973292,
Cd,augmented,7,snr_mean,mean,0.31327360527534964,0.0031647888797139774,
Cd,augmented,7,snr_std,std,0.0447705852298908,0.0006951121580394088,
Cd,augmented,7,bl_mean,mean,4.661783558679448,0.24712679225967682,
Cd,augmented,7,bl_std,std,0.19273931270776085,0.0022403939823987386,
Cd,augmented,7,amp_cv,cv,0.005102341990621789,0.0005222800156275331,
Cd,augmented,7,pos_cv,cv,0.006766645830284945,0.000390585208950166,
Cd,augmented,7,area_cv,cv,0.0035457646469974624,0.0012427194581243516,
Pb,clean,7,amp_mean,mean,14.826430091253759,0.8863130394774074,
Pb,clean,7,amp_std,std,0.0487327225347154,0.00038635003871113465,
Pb,clean,7,pos_mean,mean,0.16935738720253357,0.010402233559755912,
Pb,clean,7,pos_std,std,0.0019945476767068483,0.0002367800032572584,
Pb,clean,7,wid_mean,mean,0.348105337363786,0.0030244562233514563,
Pb,clean,7,wid_std,std,0.09321312677414886,0.00035399300781952144,
Pb,clean,7,area_mean,mean,2.241032058159538,0.021264615749974663,
Pb,clean,7,area_std,std,0.018477547132194204,0.0023499635807644826,
Pb,clean,7,skew_mean,mean,0.04317823969734448,0.0035566194449521975,
Pb,clean,7,skew_std,std,0.2623627230573699,0.0013131476766793826,
Pb,clean,7,snr_mean,mean,3.4270312263133755,0.04673377909219155,
Pb,clean,7,snr_std,std,0.058135062493391475,0.010430177840698019,
Pb,clean,7,bl_mean,mean,0.06940225725247107,0.0048320203732950505,
Pb,clean,7,bl_std,std,0.017333780378360218,0.0060135469191999425,
Pb,clean,7,amp_cv,cv,0.07832085834798437,0.0003080438092177571,
Pb,clean,7,pos_cv,cv,0.0,4.064116124159567e-05,
Pb,clean,7,area_cv,cv,0.9360023734769196,0.0024405920414826894,
Pb,augmented,7,amp_mean,mean,14.968063964956235,0.8864163802262717,
Pb,augmented,7,amp_std,std,0.0536637024133705,0.00025125101935153093,
Pb,augmented,7,pos_mean,mean,0.14978463507196502,0.010024648001991142,
Pb,augmented,7,pos_std,std,0.023136934119107323,0.00014826633602393573,
Pb,augmented,7,wid_mean,mean,0.3275745232327064,0.0026551645391924635,
Pb,augmented,7,wid_std,std,0.25549829700775584,0.0006806459277113232,
Pb,augmented,7,area_mean,mean,2.63108198675422,0.023162202686872743,
Pb,augmented,7,area_std,std,0.03864272224286184,0.011034053761399949,
Pb,augmented,7,skew_mean,mean,0.05977177762337642,0.003695714707835839,
Pb,augmented,7,skew_std,std,0.06761545429475982,0.0029451282414708567,
Pb,augmented,7,snr_mean,mean,3.6056652523679853,0.04314903113811115,
Pb,augmented,7,snr_std,std,0.03307056399976796,0.007582212163739017,
Pb,augmented,7,bl_mean,mean,0.025666661715066853,0.003145457404175219,
Pb,augmented,7,bl_std,std,0.780861976045258,0.004799280034908637,
Pb,augmented,7,amp_cv,cv,0.008100290662564222,7.899205088518598e-05,
Pb,augmented,7,pos_cv,cv,0.00571638464627375,8.453411303095391e-05,
Pb,augmented,7,area_cv,cv,0.0063724786430347765,0.00014703764702836219,
Cd,clean,123,amp_mean,mean,1.3080170094627068,0.0040704719996361,
Cd,clean,123,amp_std,std,0.13526289295179955,0.0025234375084571947,
Cd,clean,123,pos_mean,mean,0.11599925611242154,0.0005537431977061757,
Cd,clean,123,pos_std,std,0.00899611294667354,0.00023906301084891156,
Cd,clean,123,wid_mean,mean,20.13742186430148,0.7057225132347291,
Cd,clean,123,wid_std,std,0.0,0.0019612269649068024,
Cd,clean,123,area_mean,mean,0.8666904720184391,0.006356155413865608,
Cd,clean,123,area_std,std,0.004337007254899139,0.0010499641694477555,
Cd,clean,123,skew_mean,mean,0.7830643883226983,0.015208970891726292,
Cd,clean,123,skew_std,std,0.03993877021433927,0.0063915064391851,
Cd,clean,123,snr_mean,mean,2.7425284905957996,0.009670630687007643,
Cd,clean,123,snr_std,std,0.053395876684215235,0.0006023892491030698,
Cd,clean,123,bl_mean,mean,5.753175162816664,0.24183356663342692,
Cd,clean,123,bl_std,std,0.032081115395559044,0.0010405484972235053,
Cd,clean,123,amp_cv,cv,0.07418526850220718,0.000914125695173809,
Cd,clean,123,pos_cv,cv,0.03971870053267247,0.00032935220361433913,
Cd,clean,123,area_cv,cv,0.002944440107678159,0.001532334203941692,
Cd,augmented,123,amp_mean,mean,1.8905432858731441,0.00684150867619112,
Cd,augmented,123,amp_std,std,0.5987596696112838,0.013161628175681162,
Cd,augmented,123,pos_mean,mean,0.22859241364974964,0.0015453507918540233,
Cd,augmented,123,pos_std,std,0.00947688185883685,0.0001877973572027655,
Cd,augmented,123,wid_mean,mean,21.350895421960455,0.6889885914382154,
Cd,augmented,123,wid_std,std,0.006030679012345686,0.002192768600041168,
Cd,augmented,123,area_mean,mean,1.7412193329680536,0.012331482938714805,
Cd,augmented,123,area_std,std,1.1262999076596443,0.015270378075172439,
Cd,augmented,123,skew_mean,mean,0.3839837936493181,0.014857985182300694,
Cd,augmented,123,skew_std,std,0.07857293374924938,0.0008175408981597236,
Cd,augmented,123,snr_mean,mean,0.349526347520277,0.009468015352844545,
Cd,augmented,123,snr_std,std,0.02390557171849429,0.0008626852607023023,
Cd,augmented,123,bl_mean,mean,4.607261837962676,0.22970136576073633,
Cd,augmented,123,bl_std,std,0.1291632819017739,0.0012027071017353282,
Cd,augmented,123,amp_cv,cv,0.003412341230421767,0.0004019277602014711,
Cd,augmented,123,pos_cv,cv,0.011395937301806025,0.0004754943442493552,
Cd,augmented,123,area_cv,cv,0.008031301830701065,0.0016927722859973948,
Pb,clean,123,amp_mean,mean,14.947719885944915,0.8451650994217931,
Pb,clean,123,amp_std,std,0.010722362703884523,0.0005457348009712559,
Pb,clean,123,pos_mean,mean,0.16139685014562002,0.01050592779243639,
Pb,clean,123,pos_std,std,2.308641975332093e-06,0.00016273864171158578,
Pb,clean,123,wid_mean,mean,0.19552631551398372,0.00220996310751428,
Pb,clean,123,wid_std,std,0.0008932469135802701,0.00048762450805913245,
Pb,clean,123,area_mean,mean,2.5838668042049475,0.027576045038307063,
Pb,clean,123,area_std,std,0.017160952148008748,0.002869912686239183,
Pb,clean,123,skew_mean,mean,0.0999617549497383,0.0073267744754733155,
Pb,clean,123,skew_std,std,0.18251668212189368,0.001200766251142627,
Pb,clean,123,snr_mean,mean,3.6569676412642003,0.07913363878424638,
Pb,clean,123,snr_std,std,0.016887047367276746,0.0016997650942649951,
Pb,clean,123,bl_mean,mean,0.0641641223200039,0.0054045063073152825,
Pb,clean,123,bl_std,std,0.021708622574649485,0.012709077016839683,
Pb,clean,123,amp_cv,cv,0.02385250110679068,0.000227874531060137,
Pb,clean,123,pos_cv,cv,0.0,0.00012283859377374524,
Pb,clean,123,area_cv,cv,0.8255937801742717,0.002651712948851866,
Pb,augmented,123,amp_mean,mean,14.72863099883617,0.8052048125578176,
Pb,augmented,123,amp_std,std,0.06354640207915298,0.0007505291664776533,
Pb,augmented,123,pos_mean,mean,0.19262638973793925,0.010273847663810055,
Pb,augmented,123,pos_std,std,1.4589279516909293,0.0030406633471681695,
Pb,augmented,123,wid_mean,mean,0.040842396052782795,0.003460327790691,
Pb,augmented,123,wid_std,std,0.0026410382716049396,0.00074688722184998,
Pb,augmented,123,area_mean,mean,2.5607934366483387,0.026628055275933166,
Pb,augmented,123,area_std,std,0.04598940082925924,0.009283884877868569,
Pb,augmented,123,skew_mean,mean,0.00602342903268116,0.005012954762061079,
Pb,augmented,123,skew_std,std,0.07127095709228919,0.0024563765004204426,
Pb,augmented,123,snr_mean,mean,3.79376149477055,0.11822873278505287,
Pb,augmented,123,snr_std,std,0.019508450406372932,0.0012915363221862048,
Pb,augmented,123,bl_mean,mean,0.026580889646710786,0.003944687795009492,
Pb,augmented,123,bl_std,std,0.0718000107150115,0.008643151409261939,
Pb,augmented,123,amp_cv,cv,0.028031940022301593,0.00018568213317460898,
Pb,augmented,123,pos_cv,cv,0.03750550754234446,0.00019829725073898063,
Pb,augmented,123,area_cv,cv,0.03166492262096469,0.0006495731404781226,
Cd,clean,2024,amp_mean,mean,0.4020629077117094,0.0022297407936798623,
Cd,clean,2024,amp_std,std,0.015103378846597825,0.000641669728881599,
Cd,clean,2024,pos_mean,mean,0.15057559560322514,0.0007033747446638319,
Cd,clean,2024,pos_std,std,0.0,0.0002899829630109618,
Cd,clean,2024,wid_mean,mean,20.58655862448702,0.6714589238927224,
Cd,clean,2024,wid_std,std,0.0,0.0028743069927336484,
Cd,clean,2024,area_mean,mean,0.8050645071675453,0.014114084457863543,
Cd,clean,2024,area_std,std,0.0035533969071012473,0.0016173737698707933,
Cd,clean,2024,skew_mean,mean,0.835929147278087,0.03238402019812939,
Cd,clean,2024,skew_std,std,0.0529699422736335,0.003664438331567785,
Cd,clean,2024,snr_mean,mean,0.49072468619730436,0.0029068483946838395,
Cd,clean,2024,snr_std,std,0.0782652261643659,0.0007253710319928138,
Cd,clean,2024,bl_mean,mean,7.759313973560222,0.2620119473824982,
Cd,clean,2024,bl_std,std,0.05240664919912408,0.0014924027326687652,
Cd,clean,2024,amp_cv,cv,0.01873820505199762,0.0012937214731882243,
Cd,clean,2024,pos_cv,cv,0.004438851411063566,0.0005496559376390323,
Cd,clean,2024,area_cv,cv,0.013880385117966493,0.0010421371742053804,
Cd,augmented,2024,amp_mean,mean,0.43645705257425116,0.0023318714259606354,
Cd,augmented,2024,amp_std,std,0.31041543699219465,0.025025061014334382,
Cd,augmented,2024,pos_mean,mean,0.10310525383379354,0.0013365456063330961,
Cd,augmented,2024,pos_std,std,0.003925338124382028,0.0003810849968792209,
Cd,augmented,2024,wid_mean,mean,20.604190746789,0.5888736335701125,
Cd,augmented,2024,wid_std,std,0.016844768545392536,0.008746984471905877,
Cd,augmented,2024,area_mean,mean,1.378075519943727,0.04177321398733064,
Cd,augmented,2024,area_std,std,0.6185124506795772,0.03213443539477525,
Cd,augmented,2024,skew_mean,mean,0.4776884739541087,0.024252186824235893,
Cd,augmented,2024,skew_std,std,0.06336836887629678,0.0016821690764671539,
Cd,augmented,2024,snr_mean,mean,0.30790412276544143,0.0029621472489640417,
Cd,augmented,2024,snr_std,std,0.037235873938493945,0.0004577400529637172,
Cd,augmented,2024,bl_mean,mean,5.0535519714916335,0.26549023870819316,
Cd,augmented,2024,bl_std,std,0.15006803516867978,0.0016568430366751233,
Cd,augmented,2024,amp_cv,cv,0.0035309020009355483,0.00046345121590129807,
Cd,augmented,2024,pos_cv,cv,0.01821152292198221,0.0006817795345072576,
Cd,augmented,2024,area_cv,cv,0.012073064835657992,0.0017506138344609418,
Pb,clean,2024,amp_mean,mean,14.387528948858906,0.8731484056592512,
Pb,clean,2024,amp_std,std,0.07794841302398188,0.0006377658082574407,
Pb,clean,2024,pos_mean,mean,0.264289638601089,0.011859532175193501,
Pb,clean,2024,pos_std,std,0.0008009088694076128,0.0001255110746465039,
Pb,clean,2024,wid_mean,mean,0.17870971516428152,0.002085644540224593,
Pb,clean,2024,wid_std,std,0.0009324296296296219,0.0003761711969900925,
Pb,clean,2024,area_mean,mean,2.448284357358671,0.021339808881702393,
Pb,clean,2024,area_std,std,0.09423301625969618,0.0017660738168434472,
Pb,clean,2024,skew_mean,mean,0.06167608372407588,0.0033756128158561704,
Pb,clean,2024,skew_std,std,0.21708162079682972,0.0048408859231023876,
Pb,clean,2024,snr_mean,mean,3.493996801483619,0.05004243857397765,
Pb,clean,2024,snr_std,std,0.045039733977385886,0.010062205857705784,
Pb,clean,2024,bl_mean,mean,0.09823961421653564,0.009405171701052893,
Pb,clean,2024,bl_std,std,0.0292427609100815,0.007236185185905376,
Pb,clean,2024,amp_cv,cv,0.018019228335007638,0.00030913069245788646,
Pb,clean,2024,pos_cv,cv,0.00044673303929195776,0.00011730139545003759,
Pb,clean,2024,area_cv,cv,0.8112602040152057,0.003272154701382634,
Pb,augmented,2024,amp_mean,mean,14.742008738690597,0.8643844374205726,
Pb,augmented,2024,amp_std,std,0.06858718280116101,0.00022742505544320717,
Pb,augmented,2024,pos_mean,mean,0.16669975715288995,0.012485679638974768,
Pb,augmented,2024,pos_std,std,0.6538971494009138,0.0016786761461681605,
Pb,augmented,2024,wid_mean,mean,0.20367653170184905,0.0021785631804680486,
Pb,augmented,2024,wid_std,std,0.10030637867227624,0.0008504521177281106,
Pb,augmented,2024,area_mean,mean,2.6695852495506243,0.022742636017396387,
Pb,augmented,2024,area_std,std,0.06809115054616027,0.004961791113010403,
Pb,augmented,2024,skew_mean,mean,0.012273746164944324,0.0023722984488887644,
Pb,augmented,2024,skew_std,std,0.10239204792104425,0.008178763719471144,
Pb,augmented,2024,snr_mean,mean,3.6998910285742967,0.05643434285260316,
Pb,augmented,2024,snr_std,std,0.02500113194635094,0.008986241659075677,
Pb,augmented,2024,bl_mean,mean,0.04311207560958039,0.009004504815826904,
Pb,augmented,2024,bl_std,std,0.48292851551252813,0.0048315299155020155,
Pb,augmented,2024,amp_cv,cv,0.0076986517230201775,0.00021747454053984208,
Pb,augmented,2024,pos_cv,cv,0.00192209725835244,6.90932806030118e-05,
Pb,augmented,2024,area_cv,cv,0.016668361895789498,0.0003960900777278868,
Cd,clean,88,amp_mean,mean,0.9902221522079573,0.003472474444253005,
Cd,clean,88,amp_std,std,0.03023015032907083,0.0013185506208541148,
Cd,clean,88,pos_mean,mean,0.14983901133252037,0.001115572489792702,
Cd,clean,88,pos_std,std,0.0006793348399957821,0.00012832318939709668,
Cd,clean,88,wid_mean,mean,26.92485582289792,0.6984679681686193,
Cd,clean,88,wid_std,std,0.001689744268077603,0.0021790236367006427,
Cd,clean,88,area_mean,mean,0.6363319639090055,0.009113465471097945,
Cd,clean,88,area_std,std,0.004698031056756346,0.0005319180535740869,
Cd,clean,88,skew_mean,mean,0.7169160034619708,0.027458396899235273,
Cd,clean,88,skew_std,std,0.045642882181347134,0.0038854000547848175,
Cd,clean,88,snr_mean,mean,3.582541134206893,0.006071783902458989,
Cd,clean,88,snr_std,std,0.06720104168687797,0.0005886079950039693,
Cd,clean,88,bl_mean,mean,10.661206028774014,0.24232888027405666,
Cd,clean,88,bl_std,std,0.033088929868680846,0.0013400705348201177,
Cd,clean,88,amp_cv,cv,0.06801530343938789,0.000616133423241971,
Cd,clean,88,pos_cv,cv,0.01677725451531952,0.0005357063341918226,
Cd,clean,88,area_cv,cv,0.0029201895109579766,0.0008477245079175018,
Cd,augmented,88,amp_mean,mean,0.8312855458739147,0.002913045303245523,
Cd,augmented,88,amp_std,std,0.4148504601562767,0.01613958049117921,
Cd,augmented,88,pos_mean,mean,0.15246249383587301,0.0008053914234945887,
Cd,augmented,88,pos_std,std,0.0013302372802601492,0.00015669547528399802,
Cd,augmented,88,wid_mean,mean,26.180958218254723,0.6997514361217225,
Cd,augmented,88,wid_std,std,0.020646506587987994,0.0014644383546067357,
Cd,augmented,88,area_mean,mean,1.0007085984751793,0.011937220304226712,
Cd,augmented,88,area_std,std,0.6521915738638435,0.02076004970002059,
Cd,augmented,88,skew_mean,mean,0.2780380613626129,0.016245671207941275,
Cd,augmented,88,skew_std,std,0.9712814756881082,0.0030558587551268216,
Cd,augmented,88,snr_mean,mean,0.47179375039279314,0.008375786680480665,
Cd,augmented,88,snr_std,std,0.08902474970674347,0.000953528769050073,
Cd,augmented,88,bl_mean,mean,5.639016987348831,0.21406541269097698,
Cd,augmented,88,bl_std,std,0.13912175967583346,0.0014617041086381038,
Cd,augmented,88,amp_cv,cv,0.03860790865473475,0.000546622712497725,
Cd,augmented,88,pos_cv,cv,0.00789333218297949,0.00022546815093538975,
Cd,augmented,88,area_cv,cv,0.005280582023846453,0.0011420897505730527,
Pb,clean,88,amp_mean,mean,15.020094218452689,0.7932104296745699,
Pb,clean,88,amp_std,std,0.033871378061875484,0.0008504424228604223,
Pb,clean,88,pos_mean,mean,0.16487718835795556,0.012380958921091449,
Pb,clean,88,pos_std,std,0.0019389302278761179,0.0003146388312821548,
Pb,clean,88,wid_mean,mean,0.12665781433133855,0.0018304180093753303,
Pb,clean,88,wid_std,std,0.015788679054075945,0.000261398054161826,
Pb,clean,88,area_mean,mean,3.17467221136633,0.029548055355751352,
Pb,clean,88,area_std,std,0.04859746464923752,0.004232312854376768,
Pb,clean,88,skew_mean,mean,0.044175053645332196,0.003063632693057325,
Pb,clean,88,skew_std,std,0.1849542685873408,0.0010462213245152005,
Pb,clean,88,snr_mean,mean,3.4253270775712914,0.11696381653264648,
Pb,clean,88,snr_std,std,0.03415097682485616,0.006193557156307296,
Pb,clean,88,bl_mean,mean,0.06809386390439279,0.020337179435376163,
Pb,clean,88,bl_std,std,0.04449536940294462,0.0060416399297038535,
Pb,clean,88,amp_cv,cv,0.04833661328227175,0.00027794557662866304,
Pb,clean,88,pos_cv,cv,0.0031246833911712734,0.0004110330866389626,
Pb,clean,88,area_cv,cv,0.9652623474933574,0.003036320141656876,
Pb,augmented,88,amp_mean,mean,14.901132371517145,0.801496559767169,
Pb,augmented,88,amp_std,std,0.0663394882084228,0.00042325418180631097,
Pb,augmented,88,pos_mean,mean,0.08822336931387398,0.007657591130526907,
Pb,augmented,88,pos_std,std,0.3788531771544238,0.0009128740122699131,
Pb,augmented,88,wid_mean,mean,0.32513459793498023,0.0014718261749887456,
Pb,augmented,88,wid_std,std,0.33367221875114816,0.0014848618192889699,
Pb,augmented,88,area_mean,mean,2.854604609638679,0.025249598937009256,
Pb,augmented,88,area_std,std,0.2511702771792639,0.02126651748707474,
Pb,augmented,88,skew_mean,mean,0.019957724014229666,0.0049912878196479,
Pb,augmented,88,skew_std,std,0.1464604741321148,0.0012381511337513943,
Pb,augmented,88,snr_mean,mean,4.246446248271341,0.10688332975821338,
Pb,augmented,88,snr_std,std,0.07619552290208242,0.0028000939972336446,
Pb,augmented,88,bl_mean,mean,0.03777211974308612,0.02084874036402369,
Pb,augmented,88,bl_std,std,0.35536353357063877,0.002374067168035008,
Pb,augmented,88,amp_cv,cv,0.005063625457799636,7.787402218240368e-05,
Pb,augmented,88,pos_cv,cv,0.04476430576719589,0.00034239522444319944,
Pb,augmented,88,area_cv,cv,0.006936132439930321,0.0004809770023355063,
Cd,clean,314,amp_mean,mean,1.2398365469656445,0.005641558686187399,
Cd,clean,314,amp_std,std,0.05367766711298194,0.0016018187266518614,
Cd,clean,314,pos_mean,mean,0.1451847371353942,0.0020565549296042577,
Cd,clean,314,pos_std,std,0.0005350027943588354,0.0008561976975954811,
Cd,clean,314,wid_mean,mean,18.78124304042248,0.6726023638504819,
Cd,clean,314,wid_std,std,0.000528514197530855,0.0023374955202525153,
Cd,clean,314,area_mean,mean,0.5606547578632315,0.014403858714818469,
Cd,clean,314,area_std,std,0.008410473619090853,0.0018003809423612566,
Cd,clean,314,skew_mean,mean,0.505979281635832,0.013894861943438796,
Cd,clean,314,skew_std,std,0.06189328601560216,0.005601692424554564,
Cd,clean,314,snr_mean,mean,3.186070980013379,0.00752242061715815,
Cd,clean,314,snr_std,std,0.11613953058116366,0.0007459323307539386,
Cd,clean,314,bl_mean,mean,7.77134277754042,0.26592909603363574,
Cd,clean,314,bl_std,std,0.02997297654759662,0.0009460157709312104,
Cd,clean,314,amp_cv,cv,0.05086529141441733,0.0013869293349345097,
Cd,clean,314,pos_cv,cv,0.011936327184770784,0.0008289831907501863,
Cd,clean,314,area_cv,cv,0.004532681037156927,0.001843839285889872,
Cd,augmented,314,amp_mean,mean,1.55810838424549,0.005008188087051924,
Cd,augmented,314,amp_std,std,0.4682965338512801,0.027031230908823388,
Cd,augmented,314,pos_mean,mean,0.14076168046363363,0.0008461399137092827,
Cd,augmented,314,pos_std,std,0.006813287686968167,0.0005151682077783459,
Cd,augmented,314,wid_mean,mean,20.281140578435796,0.6430025193995127,
Cd,augmented,314,wid_std,std,0.011494155570609349,0.0011839692692333912,
Cd,augmented,314,area_mean,mean,1.880131860334459,0.02489006415222404,
Cd,augmented,314,area_std,std,0.6463732374764969,0.03516721440960584,
Cd,augmented,314,skew_mean,mean,0.6353016644980782,0.016986005885814528,
Cd,augmented,314,skew_std,std,0.05787526905282627,0.0009653101760758744,
Cd,augmented,314,snr_mean,mean,0.2036421731148273,0.0049128138705650404,
Cd,augmented,314,snr_std,std,0.017234047940137602,0.0005880056467441743,
Cd,augmented,314,bl_mean,mean,4.637030827712898,0.2346360648112068,
Cd,augmented,314,bl_std,std,0.02664570485911873,0.002089357583423805,
Cd,augmented,314,amp_cv,cv,0.008998299796664222,0.0005077958471625813,
Cd,augmented,314,pos_cv,cv,0.00827262649657684,0.0008056369078679893,
Cd,augmented,314,area_cv,cv,0.003051444199269715,0.0008645149232003461,
Pb,clean,314,amp_mean,mean,13.801951562549627,0.8301130253076423,
Pb,clean,314,amp_std,std,0.08206165947219538,0.0005177844107690213,
Pb,clean,314,pos_mean,mean,0.15253173396763856,0.017158516085651374,
Pb,clean,314,pos_std,std,0.0016977407407407497,3.00926236150568e-05,
Pb,clean,314,wid_mean,mean,0.8456548699598582,0.002689952641689499,
Pb,clean,314,wid_std,std,0.04864719945628464,0.00023991164424887038,
Pb,clean,314,area_mean,mean,2.609410254440835,0.040215997528478646,
Pb,clean,314,area_std,std,0.08215358479975583,0.0020234418598786314,
Pb,clean,314,skew_mean,mean,0.037725736563305474,0.002053021511200894,
Pb,clean,314,skew_std,std,0.18582651405662703,0.0019905796023523404,
Pb,clean,314,snr_mean,mean,2.5137380926563404,0.08879675029137749,
Pb,clean,314,snr_std,std,0.07229715613133979,0.0014686266399126697,
Pb,clean,314,bl_mean,mean,0.05802132490163533,0.007181936333620914,
Pb,clean,314,bl_std,std,0.023377357240181678,0.0030842004542453007,
Pb,clean,314,amp_cv,cv,0.10182634435482138,0.000489628987300113,
Pb,clean,314,pos_cv,cv,0.0027019888888889345,0.0002453886338064624,
Pb,clean,314,area_cv,cv,0.4862483433788361,0.0017011454442103886,
Pb,augmented,314,amp_mean,mean,13.741008284165854,0.8381013125972521,
Pb,augmented,314,amp_std,std,0.04526641400808913,0.0007628028232442389,
Pb,augmented,314,pos_mean,mean,0.18278042551916945,0.013290683546815223,
Pb,augmented,314,pos_std,std,0.2627659250358125,0.0007539938475916425,
Pb,augmented,314,wid_mean,mean,0.023570420134185664,0.0016411466537774315,
Pb,augmented,314,wid_std,std,0.07146994869804987,0.000832701792158454,
Pb,augmented,314,area_mean,mean,3.1907548565683834,0.04258846098179621,
Pb,augmented,314,area_std,std,0.029563595244029295,0.0034270425064947176,
Pb,augmented,314,skew_mean,mean,0.0028873766301418607,0.0016029586200212317,
Pb,augmented,314,skew_std,std,0.08769606863238358,0.0026337883900310315,
Pb,augmented,314,snr_mean,mean,2.8677660324626,0.07757664492541837,
Pb,augmented,314,snr_std,std,0.03179735484997759,0.0019410535836969234,
Pb,augmented,314,bl_mean,mean,0.09735906603369884,0.009450747791342954,
Pb,augmented,314,bl_std,std,0.3735403915524734,0.004419650783894568,
Pb,augmented,314,amp_cv,cv,0.016756369362464836,0.00017279607202269886,
Pb,augmented,314,pos_cv,cv,0.09742305964134883,0.0005316088424219424,
Pb,augmented,314,area_cv,cv,0.009031333184702742,0.000272606242020355,
Cd,clean,1,amp_mean,mean,0.9192135840987481,0.0035552933850140677,
Cd,clean,1,amp_std,std,0.05786691750423001,0.0008635014029057461,
Cd,clean,1,pos_mean,mean,0.09748560632889733,0.00030049664763938974,
Cd,clean,1,pos_std,std,0.000745947798579244,0.00021729188380032038,
Cd,clean,1,wid_mean,mean,23.914582515630222,0.6926988043026996,
Cd,clean,1,wid_std,std,0.000699417283950604,0.0019537020109983124,
Cd,clean,1,area_mean,mean,0.7635518785188026,0.010317092300328432,
Cd,clean,1,area_std,std,0.009388972073411297,0.0007345456624176186,
Cd,clean,1,skew_mean,mean,0.3548953473506743,0.01618795422605282,
Cd,clean,1,skew_std,std,0.047819178640118046,0.002848509842332122,
Cd,clean,1,snr_mean,mean,0.207030752826255,0.004579239033551464,
Cd,clean,1,snr_std,std,0.07409855156008789,0.0007906837513552416,
Cd,clean,1,bl_mean,mean,8.106751093371074,0.26236823406522575,
Cd,clean,1,bl_std,std,0.06653435581594092,0.0009682468775828859,
Cd,clean,1,amp_cv,cv,0.07248882095996043,0.0004462777200748599,
Cd,clean,1,pos_cv,cv,0.0017169996431562473,0.0002166482009466835,
Cd,clean,1,area_cv,cv,0.0063393239063425115,0.0009534786870745993,
Cd,augmented,1,amp_mean,mean,1.3414458582586266,0.0042798878514261635,
Cd,augmented,1,amp_std,std,0.7045664285809581,0.02273561305973719,
Cd,augmented,1,pos_mean,mean,0.11992200871931065,0.0008705058123034603,
Cd,augmented,1,pos_std,std,0.016835203570373946,0.0005923976795388972,
Cd,augmented,1,wid_mean,mean,23.35337994431709,0.6894322080129995,
Cd,augmented,1,wid_std,std,0.002109279570066208,0.002159100151260678,
Cd,augmented,1,area_mean,mean,0.18117706640885517,0.012787179560906959,
Cd,augmented,1,area_std,std,0.758865228960661,0.01923265956647014,
Cd,augmented,1,skew_mean,mean,0.2162880135733843,0.010635581176379388,
Cd,augmented,1,skew_std,std,0.043292251199266066,0.0008692398902477633,
Cd,augmented,1,snr_mean,mean,0.2516557214819336,0.005312319529429574,
Cd,augmented,1,snr_std,std,0.04120702940327527,0.0008876049473109903,
Cd,augmented,1,bl_mean,mean,3.1775999124263987,0.22730980029388623,
Cd,augmented,1,bl_std,std,0.0814218488976991,0.0014955823919718138,
Cd,augmented,1,amp_cv,cv,0.0059254058733094975,0.0004004993228472868,
Cd,augmented,1,pos_cv,cv,0.0049235503987895115,0.00041470712615046215,
Cd,augmented,1,area_cv,cv,0.0012627260797069273,0.0005851136271334075,
Pb,clean,1,amp_mean,mean,14.291270305559,0.8823807074207561,
Pb,clean,1,amp_std,std,0.038154981091638,0.0016611713023937111,
Pb,clean,1,pos_mean,mean,0.16648273908258115,0.008831621770770601,
Pb,clean,1,pos_std,std,0.00123201824282686,0.00033145669475748726,
Pb,clean,1,wid_mean,mean,0.583940866704865,0.0028734939983434556,
Pb,clean,1,wid_std,std,0.014256244555791896,0.0001375360891159413,
Pb,clean,1,area_mean,mean,2.345354740169113,0.019733617503002836,
Pb,clean,1,area_std,std,0.04587212360594364,0.0046404736452527314,
Pb,clean,1,skew_mean,mean,0.04516274730916791,0.0034742909836231453,
Pb,clean,1,skew_std,std,0.2611903978122182,0.0067601279413758205,
Pb,clean,1,snr_mean,mean,3.134225987762398,0.03781704623916048,
Pb,clean,1,snr_std,std,0.026236507137466593,0.01308797389652455,
Pb,clean,1,bl_mean,mean,0.10058513030812533,0.009348493981228528,
Pb,clean,1,bl_std,std,0.024138141483514668,0.005161089998417222,
Pb,clean,1,amp_cv,cv,0.06353597874083337,0.00031232778295731074,
Pb,clean,1,pos_cv,cv,0.004231237213403899,0.0008483952906901824,
Pb,clean,1,area_cv,cv,0.8810860834487452,0.002600175461629782,
Pb,augmented,1,amp_mean,mean,14.595731124804672,0.8839663108052688,
Pb,augmented,1,amp_std,std,0.07403159234249748,0.0004024028737914458,
Pb,augmented,1,pos_mean,mean,0.12556503152981394,0.006751062478974559,
Pb,augmented,1,pos_std,std,0.1440592521718776,0.000510705037221706,
Pb,augmented,1,wid_mean,mean,0.052030513371861986,0.00220153369861745,
Pb,augmented,1,wid_std,std,0.04359642666381226,0.00023262535796357163,
Pb,augmented,1,area_mean,mean,2.5598968726151923,0.0207568066260011,
Pb,augmented,1,area_std,std,0.06300004369973304,0.014063383934498403,
Pb,augmented,1,skew_mean,mean,0.012333622084938023,0.0035220317521111348,
Pb,augmented,1,skew_std,std,0.07309414992950392,0.002145443433405299,
Pb,augmented,1,snr_mean,mean,3.5450348373155274,0.03737619735820193,
Pb,augmented,1,snr_std,std,0.04259453388294319,0.012089258004000153,
Pb,augmented,1,bl_mean,mean,0.039984921724233916,0.008480729952992032,
Pb,augmented,1,bl_std,std,0.6630880375888664,0.006662501440525846,
Pb,augmented,1,amp_cv,cv,0.021766080950574328,0.00028542072254509037,
Pb,augmented,1,pos_cv,cv,0.15790703703256362,0.00038232323311352306,
Pb,augmented,1,area_cv,cv,0.01863401695710956,0.00017126329076789747,
Cd,clean,999,amp_mean,mean,0.5406663221903261,0.004052296490874728,
Cd,clean,999,amp_std,std,0.11422958859601122,0.0027552327363582923,
Cd,clean,999,pos_mean,mean,0.13511528589091376,0.0015744013846091301,
Cd,clean,999,pos_std,std,0.009147181463906518,0.006040453256006411,
Cd,clean,999,wid_mean,mean,24.22153225691857,0.7139304716164201,
Cd,clean,999,wid_std,std,6.59805996472973e-05,0.0017338406187087114,
Cd,clean,999,area_mean,mean,0.4206608160422086,0.005408271792625087,
Cd,clean,999,area_std,std,0.006603836717588729,0.0020894543089735548,
Cd,clean,999,skew_mean,mean,0.7743867323370599,0.021941677650517796,
Cd,clean,999,skew_std,std,0.060218259020826684,0.008218937433537148,
Cd,clean,999,snr_mean,mean,5.4914153482515555,0.017060415475027298,
Cd,clean,999,snr_std,std,0.09443475115870195,0.0005654429132157605,
Cd,clean,999,bl_mean,mean,4.0463909155695905,0.20622573044645676,
Cd,clean,999,bl_std,std,0.011219671461056036,0.0006614736001018315,
Cd,clean,999,amp_cv,cv,0.050325423606774757,0.0007950252803125273,
Cd,clean,999,pos_cv,cv,0.004191500499484124,0.0053953355234876675,
Cd,clean,999,area_cv,cv,0.003920727355579717,0.001551539472767246,
Cd,augmented,999,amp_mean,mean,0.3435629219797796,0.0017971407912202694,
Cd,augmented,999,amp_std,std,0.8023489942063794,0.015706424512372277,
Cd,augmented,999,pos_mean,mean,0.19879459781517067,0.0019170584091016919,
Cd,augmented,999,pos_std,std,0.0031573186871615365,0.003903172855598151,
Cd,augmented,999,wid_mean,mean,24.17310612230615,0.6891006740385466,
Cd,augmented,999,wid_std,std,0.030622382482551537,0.010400489741760473,
Cd,augmented,999,area_mean,mean,0.5956834718021196,0.01185829658355054,
Cd,augmented,999,area_std,std,0.4358391767034294,0.013920696339526821,
Cd,augmented,999,skew_mean,mean,0.8026781395261224,0.02471724727641425,
Cd,augmented,999,skew_std,std,0.11922397861990337,0.0016711456240210232,
Cd,augmented,999,snr_mean,mean,0.5782058642638788,0.00966496676731438,
Cd,augmented,999,snr_std,std,0.01594814421577593,0.000658481608652077,
Cd,augmented,999,bl_mean,mean,4.9041726668723395,0.20779071190252782,
Cd,augmented,999,bl_std,std,0.1583772656554008,0.002098066277837852,
Cd,augmented,999,amp_cv,cv,0.0006888057842692419,0.0007067196499541273,
Cd,augmented,999,pos_cv,cv,0.004702287830429097,0.002962238748351904,
Cd,augmented,999,area_cv,cv,0.009413916386866793,0.0011264688732496428,
Pb,clean,999,amp_mean,mean,14.566372384230567,0.8271189420550036,
Pb,clean,999,amp_std,std,0.0013539145550043763,0.0009856873706551867,
Pb,clean,999,pos_mean,mean,0.14185751130897856,0.011141090563637265,
Pb,clean,999,pos_std,std,0.0,0.00021573808064610545,
Pb,clean,999,wid_mean,mean,0.03709876028415985,0.0021377702823773075,
Pb,clean,999,wid_std,std,0.0027646843033507507,8.005293819025838e-05,
Pb,clean,999,area_mean,mean,3.8953336877451896,0.03312837404394881,
Pb,clean,999,area_std,std,0.010777294048598595,0.0034727674796706594,
Pb,clean,999,skew_mean,mean,0.03668225718109378,0.002206200282819183,
Pb,clean,999,skew_std,std,0.14719792236779086,0.0012266330913188888,
Pb,clean,999,snr_mean,mean,3.4484968110227348,0.08512267015927755,
Pb,clean,999,snr_std,std,0.015344868588840165,0.021229719234238085,
Pb,clean,999,bl_mean,mean,0.0597924972085811,0.007208469511615438,
Pb,clean,999,bl_std,std,0.0,0.0012405251323443257,
Pb,clean,999,amp_cv,cv,0.024816268757316483,0.00026729302926225553,
Pb,clean,999,pos_cv,cv,0.0,0.0003236673765942517,
Pb,clean,999,area_cv,cv,1.2539463339452224,0.002894399368400763,
Pb,augmented,999,amp_mean,mean,15.14985879487522,0.8178672165324081,
Pb,augmented,999,amp_std,std,0.06295634732835582,0.0012361777740485765,
Pb,augmented,999,pos_mean,mean,0.13199585364953687,0.009761221376162477,
Pb,augmented,999,pos_std,std,0.6211343150607427,0.0013082837574773388,
Pb,augmented,999,wid_mean,mean,0.2871689978794731,0.0025974400468676603,
Pb,augmented,999,wid_std,std,0.1190764264357548,0.0005239263276622004,
Pb,augmented,999,area_mean,mean,4.147623495477895,0.03241754548462523,
Pb,augmented,999,area_std,std,0.022265496971599928,0.005823499733132265,
Pb,augmented,999,skew_mean,mean,0.018776060929610486,0.0036059676654404825,
Pb,augmented,999,skew_std,std,0.08327724910216357,0.00231215232458557,
Pb,augmented,999,snr_mean,mean,3.643467103828943,0.091614719061996,
Pb,augmented,999,snr_std,std,0.05844316801485512,0.015984482455198616,
Pb,augmented,999,bl_mean,mean,0.04333965194830098,0.010541225740597897,
Pb,augmented,999,bl_std,std,0.565844384741608,0.0037072834148256313,
Pb,augmented,999,amp_cv,cv,0.005196834206007817,0.00016339596180454146,
Pb,augmented,999,pos_cv,cv,0.1368868708904948,0.00036045448337177,
Pb,augmented,999,area_cv,cv,0.012144736087856229,0.00017500785979557518,
Cd,clean,55,amp_mean,mean,1.3022215718855705,0.0043798298272830095,
Cd,clean,55,amp_std,std,0.026934219052149384,0.004509913521428929,
Cd,clean,55,pos_mean,mean,0.1223902367386108,0.0009638664525593164,
Cd,clean,55,pos_std,std,0.00012685102884333889,0.00012562534888494554,
Cd,clean,55,wid_mean,mean,21.728608310682528,0.6960577176160824,
Cd,clean,55,wid_std,std,0.000803074955908295,0.0020787891866853613,
Cd,clean,55,area_mean,mean,1.4685101238565517,0.021305985972843396,
Cd,clean,55,area_std,std,0.005263517039612459,0.0008540069926556297,
Cd,clean,55,skew_mean,mean,0.6287617519205637,0.02419428219790451,
Cd,clean,55,skew_std,std,0.03851316121491925,0.0033803312313111815,
Cd,clean,55,snr_mean,mean,2.906235343132117,0.005673167702667405,
Cd,clean,55,snr_std,std,0.03948115300867468,0.0003890258575594684,
Cd,clean,55,bl_mean,mean,7.626725315775521,0.23262340096860679,
Cd,clean,55,bl_std,std,0.06063780585900056,0.0010142092545246649,
Cd,clean,55,amp_cv,cv,0.07722910586478823,0.0012640723120748284,
Cd,clean,55,pos_cv,cv,0.003006553834476283,0.00027314284785598966,
Cd,clean,55,area_cv,cv,0.0037593152500217165,0.0009126327090721564,
Cd,augmented,55,amp_mean,mean,1.5735857126986417,0.0042192885726958845,
Cd,augmented,55,amp_std,std,1.0298515128541839,0.01794330267504829,
Cd,augmented,55,pos_mean,mean,0.06916885070498953,0.00039995269250188935,
Cd,augmented,55,pos_std,std,0.008612592170286032,9.324336407130101e-05,
Cd,augmented,55,wid_mean,mean,22.29272555643836,0.6777078971831817,
Cd,augmented,55,wid_std,std,0.009918048090794402,0.0020464354727095717,
Cd,augmented,55,area_mean,mean,1.0389623716968033,0.03193866948037212,
Cd,augmented,55,area_std,std,0.8240802097781398,0.01875188797227847,
Cd,augmented,55,skew_mean,mean,0.7462284583744191,0.021963542635418568,
Cd,augmented,55,skew_std,std,0.1941688796455992,0.0011048926004921494,
Cd,augmented,55,snr_mean,mean,0.45862390927127417,0.0038767723726328136,
Cd,augmented,55,snr_std,std,0.029596333819548414,0.0002834752465260425,
Cd,augmented,55,bl_mean,mean,4.908021427088499,0.21328404611203752,
Cd,augmented,55,bl_std,std,0.31991707189833285,0.004837553058607978,
Cd,augmented,55,amp_cv,cv,0.01998798447878696,0.00022194039998256902,
Cd,augmented,55,pos_cv,cv,0.008685449137127526,0.0003489785969853257,
Cd,augmented,55,area_cv,cv,0.007429680589874532,0.0009781215644578635,
Pb,clean,55,amp_mean,mean,10.680861528472352,0.6550382867065476,
Pb,clean,55,amp_std,std,0.05317119313013204,0.0019917438825982608,
Pb,clean,55,pos_mean,mean,0.16493183338298892,0.010913143453661855,
Pb,clean,55,pos_std,std,0.0012373861884562797,8.934438872943989e-05,
Pb,clean,55,wid_mean,mean,0.29175294492378334,0.003109419293810065,
Pb,clean,55,wid_std,std,0.0013151111111111336,0.00010043703369867444,
Pb,clean,55,area_mean,mean,2.377069305328383,0.02233400016355338,
Pb,clean,55,area_std,std,0.08925448683744122,0.00506798898269869,
Pb,clean,55,skew_mean,mean,0.06601994760697258,0.003253143247689199,
Pb,clean,55,skew_std,std,0.21082347225889012,0.000942896557459862,
Pb,clean,55,snr_mean,mean,5.493286827786511,0.24619330187240973,
Pb,clean,55,snr_std,std,0.027722938673222973,0.002435571345551385,
Pb,clean,55,bl_mean,mean,0.057518618850630476,0.03479968557951311,
Pb,clean,55,bl_std,std,0.025929814361858657,0.011270231391911764,
Pb,clean,55,amp_cv,cv,0.03325658595659071,0.00022704578926192645,
Pb,clean,55,pos_cv,cv,0.005067690819821291,0.0003951214858725924,
Pb,clean,55,area_cv,cv,0.6113473775930528,0.001838638825032514,
Pb,augmented,55,amp_mean,mean,11.258453133966507,0.6716660992467761,
Pb,augmented,55,amp_std,std,0.06777248441845317,0.003161640505111722,
Pb,augmented,55,pos_mean,mean,0.1593333331771298,0.006677864868808107,
Pb,augmented,55,pos_std,std,0.9985789725655355,0.002412604591976229,
Pb,augmented,55,wid_mean,mean,0.09229364472603827,0.0030769512950646204,
Pb,augmented,55,wid_std,std,0.027469079480437204,0.00045629720147743054,
Pb,augmented,55,area_mean,mean,2.7289463526669477,0.01994741247836241,
Pb,augmented,55,area_std,std,0.02994933030397744,0.006563108792251871,
Pb,augmented,55,skew_mean,mean,0.0029678747103693255,0.00404133192976549,
Pb,augmented,55,skew_std,std,0.1653659025416686,0.001641628006192047,
Pb,augmented,55,snr_mean,mean,5.646460583279646,0.22732797291592724,
Pb,augmented,55,snr_std,std,0.03386711782334435,0.0013138012159846183,
Pb,augmented,55,bl_mean,mean,0.0704845969395657,0.03905210258327599,
Pb,augmented,55,bl_std,std,0.501538470394131,0.011832735820333978,
Pb,augmented,55,amp_cv,cv,0.01860093466829303,0.00015760381103427666,
Pb,augmented,55,pos_cv,cv,0.05164051450140546,0.0004732586840448644,
Pb,augmented,55,area_cv,cv,0.012258586226739362,0.0001975860536130075,
Cd,clean,7777,amp_mean,mean,0.5398106014455947,0.003483116443827179,
Cd,clean,7777,amp_std,std,0.13973797375337962,0.008224998505648768,
Cd,clean,7777,pos_mean,mean,0.10404868683447832,0.0010045197735543251,
Cd,clean,7777,pos_std,std,0.0024092043308296006,0.00022991834342027664,
Cd,clean,7777,wid_mean,mean,22.206501401948387,0.7120261349788706,
Cd,clean,7777,wid_std,std,0.00044820864197531174,0.002289021236024979,
Cd,clean,7777,area_mean,mean,0.6321034559939294,0.00941229259607281,
Cd,clean,7777,area_std,std,0.005334484028486158,0.0010934348161996106,
Cd,clean,7777,skew_mean,mean,1.130783725068375,0.02155063725836499,
Cd,clean,7777,skew_std,std,0.0791108672321686,0.0036551524524602815,
Cd,clean,7777,snr_mean,mean,0.2335156640854358,0.0042653105885598515,
Cd,clean,7777,snr_std,std,0.031137300387262028,0.000456899232554909,
Cd,clean,7777,bl_mean,mean,3.57985177447724,0.22888487742408414,
Cd,clean,7777,bl_std,std,0.04506449861561958,0.0016056678097716858,
Cd,clean,7777,amp_cv,cv,0.09209416147393626,0.0005799435358142925,
Cd,clean,7777,pos_cv,cv,0.002112188709214774,0.000290853118888545,
Cd,clean,7777,area_cv,cv,0.0029276310055133814,0.0009472218858828544,
Cd,augmented,7777,amp_mean,mean,0.1629453526320825,0.0015299603002238162,
Cd,augmented,7777,amp_std,std,0.6541464112081352,0.010233634034980203,
Cd,augmented,7777,pos_mean,mean,0.2015535734365518,0.001553318578308658,
Cd,augmented,7777,pos_std,std,0.0119022409527132,0.0004076201694626973,
Cd,augmented,7777,wid_mean,mean,23.117327836616226,0.7010853247487312,
Cd,augmented,7777,wid_std,std,0.0026029494687293984,0.0024445338817400955,
Cd,augmented,7777,area_mean,mean,0.9823587904746462,0.010504324031085829,
Cd,augmented,7777,area_std,std,0.7912350705811815,0.011703635115314252,
Cd,augmented,7777,skew_mean,mean,0.10773384021176932,0.0121783018201045,
Cd,augmented,7777,skew_std,std,0.013618435388592759,0.0012185942849892242,
Cd,augmented,7777,snr_mean,mean,0.20594507127212802,0.004712130558658224,
Cd,augmented,7777,snr_std,std,0.04260405046033931,0.0006207942570394552,
Cd,augmented,7777,bl_mean,mean,3.5646913799014497,0.23648875960917298,
Cd,augmented,7777,bl_std,std,0.2422305468408838,0.0035581549756687003,
Cd,augmented,7777,amp_cv,cv,0.006862403620824809,0.00040341983367442774,
Cd,augmented,7777,pos_cv,cv,0.009125375377883205,0.00038143643285630063,
Cd,augmented,7777,area_cv,cv,0.007635003883293867,0.0009760573679894604,
Pb,clean,7777,amp_mean,mean,14.178259917590182,0.8814837468800002,
Pb,clean,7777,amp_std,std,0.043496007743362146,0.0002053769461111909,
Pb,clean,7777,pos_mean,mean,0.1787265460293344,0.011047303010593106,
Pb,clean,7777,pos_std,std,0.0,0.00021573133112064242,
Pb,clean,7777,wid_mean,mean,0.20148806597747587,0.0018742471298554865,
Pb,clean,7777,wid_std,std,0.014394681962949723,0.00012133590836858555,
Pb,clean,7777,area_mean,mean,3.4078446868255226,0.03119505549977189,
Pb,clean,7777,area_std,std,0.07973941100799752,0.0015666120026205021,
Pb,clean,7777,skew_mean,mean,0.04522461569048176,0.0026041911558995177,
Pb,clean,7777,skew_std,std,0.20317327367635274,0.0010608089272904134,
Pb,clean,7777,snr_mean,mean,2.5193631070224436,0.03232093562586965,
Pb,clean,7777,snr_std,std,0.0500306294274669,0.019541012915014182,
Pb,clean,7777,bl_mean,mean,0.10235528794598772,0.009046908537205552,
Pb,clean,7777,bl_std,std,0.014234312010891908,0.0037886643969128743,
Pb,clean,7777,amp_cv,cv,0.07054388500534081,0.00030211058164037006,
Pb,clean,7777,pos_cv,cv,0.0017555098421386083,0.0002304930708000396,
Pb,clean,7777,area_cv,cv,1.1154759068982634,0.003395466080925755,
Pb,augmented,7777,amp_mean,mean,13.782655604937057,0.8726664996888104,
Pb,augmented,7777,amp_std,std,0.04997795003171597,0.0003293223405754296,
Pb,augmented,7777,pos_mean,mean,0.16929400886354729,0.01146119599166539,
Pb,augmented,7777,pos_std,std,1.0076803809793142,0.0022795154142487423,
Pb,augmented,7777,wid_mean,mean,0.17133502772234319,0.0011686200032034507,
Pb,augmented,7777,wid_std,std,0.030598779625394305,0.0003540767330998165,
Pb,augmented,7777,area_mean,mean,3.757316932076175,0.03132507542194467,
Pb,augmented,7777,area_std,std,0.023955091851071225,0.001720441720049289,
Pb,augmented,7777,skew_mean,mean,0.01868155570801255,0.0019599029976448104,
Pb,augmented,7777,skew_std,std,0.024445899431456558,0.00016333315157141575,
Pb,augmented,7777,snr_mean,mean,2.805953056462575,0.041559449423215315,
Pb,augmented,7777,snr_std,std,0.04969068898785238,0.02310535069083856,
Pb,augmented,7777,bl_mean,mean,0.0655354171514149,0.007829017818121821,
Pb,augmented,7777,bl_std,std,0.5255448709008068,0.0034264698583860017,
Pb,augmented,7777,amp_cv,cv,0.002089837028953617,0.00013015820568557568,
Pb,augmented,7777,pos_cv,cv,0.0032638458729784573,0.0004189091427697905,
Pb,augmented,7777,area_cv,cv,0.009216828880534992,0.00010266139816955828,
Cd,clean,13,amp_mean,mean,0.5132009398723851,0.0030570233798152724,
Cd,clean,13,amp_std,std,0.05926534437217064,0.0029313587417025403,
Cd,clean,13,pos_mean,mean,0.14263174067170142,0.000983931710656171,
Cd,clean,13,pos_std,std,0.01022287627797519,0.0005920564183383516,
Cd,clean,13,wid_mean,mean,23.2383302628999,0.6981357022102652,
Cd,clean,13,wid_std,std,0.0014036679012345344,0.0006357787424715278,
Cd,clean,13,area_mean,mean,0.7491016813043172,0.010682578548963552,
Cd,clean,13,area_std,std,0.006995640053883079,0.00015557288459656102,
Cd,clean,13,skew_mean,mean,1.0212740054912044,0.05298217420616739,
Cd,clean,13,skew_std,std,0.03407943223987906,0.002072503787638916,
Cd,clean,13,snr_mean,mean,0.2436320169488801,0.004589701369203342,
Cd,clean,13,snr_std,std,0.0470204196298008,0.00031288245802083117,
Cd,clean,13,bl_mean,mean,3.723546610654349,0.21918789449477888,
Cd,clean,13,bl_std,std,0.03686805385237196,0.0007416167114417618,
Cd,clean,13,amp_cv,cv,0.044941084293843095,0.0005520120472278742,
Cd,clean,13,pos_cv,cv,0.034621944810966636,0.0019675410907921027,
Cd,clean,13,area_cv,cv,0.004362516313179243,0.0004196711979195388,
Cd,augmented,13,amp_mean,mean,0.13704409588371788,0.0013276025202578828,
Cd,augmented,13,amp_std,std,0.46201487251035306,0.013888936749478335,
Cd,augmented,13,pos_mean,mean,0.07961464255820863,0.0006879891610595374,
Cd,augmented,13,pos_std,std,0.03573405302581946,0.0014305199481545465,
Cd,augmented,13,wid_mean,mean,23.982195510145914,0.7023680821040426,
Cd,augmented,13,wid_std,std,0.007095629060965197,0.0008138167646022678,
Cd,augmented,13,area_mean,mean,1.2731591087533907,0.012417962712180146,
Cd,augmented,13,area_std,std,0.538351676405022,0.0151613301047486,
Cd,augmented,13,skew_mean,mean,0.09873545473337184,0.027124460861497276,
Cd,augmented,13,skew_std,std,0.018231429611078893,0.0008759147860872951,
Cd,augmented,13,snr_mean,mean,0.1763278799590756,0.004776530848582148,
Cd,augmented,13,snr_std,std,0.10280097503931088,0.0009767154574597055,
Cd,augmented,13,bl_mean,mean,3.3460359550134626,0.21342786997575014,
Cd,augmented,13,bl_std,std,0.07654527375427622,0.0011637035434882684,
Cd,augmented,13,amp_cv,cv,0.0056494832611497185,0.0006647058001853314,
Cd,augmented,13,pos_cv,cv,0.028763990893019915,0.002422469018087875,
Cd,augmented,13,area_cv,cv,0.006341278575248377,0.00047138964433810187,
Pb,clean,13,amp_mean,mean,13.981103899690577,0.8278985351797532,
Pb,clean,13,amp_std,std,0.055942478313541044,0.0005675002493123211,
Pb,clean,13,pos_mean,mean,0.17240019367213966,0.009145115930986158,
Pb,clean,13,pos_std,std,0.0,0.00017989605988418428,
Pb,clean,13,wid_mean,mean,0.3461337904930075,0.002367890149238822,
Pb,clean,13,wid_std,std,0.08261116830480107,0.0002360639553387661,
Pb,clean,13,area_mean,mean,3.547124783690319,0.032620650029573706,
Pb,clean,13,area_std,std,0.028421424695396345,0.0006977044085084909,
Pb,clean,13,skew_mean,mean,0.047601370570518296,0.00501965529095084,
Pb,clean,13,skew_std,std,0.1314734898965473,0.0004271691757450546,
Pb,clean,13,snr_mean,mean,2.987696218532329,0.09086686127161402,
Pb,clean,13,snr_std,std,0.036993713789757465,0.010395704888475436,
Pb,clean,13,bl_mean,mean,0.05439322685599017,0.005049088766442611,
Pb,clean,13,bl_std,std,0.010181100172913155,0.012688026555158487,
Pb,clean,13,amp_cv,cv,0.009750447847482153,1.4572045873596085e-05,
Pb,clean,13,pos_cv,cv,0.0009036636580558033,0.0005966958348283676,
Pb,clean,13,area_cv,cv,0.40207048593599304,0.0012288702083161351,
Pb,augmented,13,amp_mean,mean,14.45388310254538,0.8349139094468603,
Pb,augmented,13,amp_std,std,0.038839351427061096,0.00019983559817173641,
Pb,augmented,13,pos_mean,mean,0.13370049606826903,0.00915541364610595,
Pb,augmented,13,pos_std,std,0.6839946166323134,0.0018746716424500778,
Pb,augmented,13,wid_mean,mean,0.10141458216984915,0.0015922031935425751,
Pb,augmented,13,wid_std,std,0.028555490733484547,0.00022218468580546127,
Pb,augmented,13,area_mean,mean,3.5091483006922486,0.032217220340511755,
Pb,augmented,13,area_std,std,0.05932508609807254,0.002568811240650621,
Pb,augmented,13,skew_mean,mean,0.006072889461326014,0.004367998057077931,
Pb,augmented,13,skew_std,std,0.08654039847918873,0.001505113415816966,
Pb,augmented,13,snr_mean,mean,2.837878016512909,0.08038953745351728,
Pb,augmented,13,snr_std,std,0.06402491581796203,0.012095196145664278,
Pb,augmented,13,bl_mean,mean,0.04968964378699235,0.005660220201108422,
Pb,augmented,13,bl_std,std,0.5832479584650004,0.012260478592327415,
Pb,augmented,13,amp_cv,cv,0.007154784775475509,3.812831034221105e-05,
Pb,augmented,13,pos_cv,cv,0.0015409875328361966,0.0007527258775180836,
Pb,augmented,13,area_cv,cv,0.01798256516184249,0.00018635215252906426,
Cd,clean,21,amp_mean,mean,0.8079767286064541,0.004393774885172108,
Cd,clean,21,amp_std,std,0.034315514941860914,0.00163430319425874,
Cd,clean,21,pos_mean,mean,0.11774355503175096,0.0010833344632297129,
Cd,clean,21,pos_std,std,0.0073447157900983885,0.0011466516009821025,
Cd,clean,21,wid_mean,mean,22.706239349729298,0.6913152327170893,
Cd,clean,21,wid_std,std,0.007871653262786604,0.0019187077798572326,
Cd,clean,21,area_mean,mean,1.129210352023433,0.008458865705484809,
Cd,clean,21,area_std,std,0.0036265593635180725,0.000978233057459061,
Cd,clean,21,skew_mean,mean,0.7693734381260928,0.02477540419770169,
Cd,clean,21,skew_std,std,0.0913445451540468,0.00374179596975904,
Cd,clean,21,snr_mean,mean,3.107864760115144,0.006893681915959368,
Cd,clean,21,snr_std,std,0.07199759017011909,0.0007534985308259262,
Cd,clean,21,bl_mean,mean,6.480692994347042,0.24869470417656622,
Cd,clean,21,bl_std,std,0.06945397032040175,0.0009553694777121895,
Cd,clean,21,amp_cv,cv,0.016816468114629685,0.0008636535246853457,
Cd,clean,21,pos_cv,cv,0.008868253520151092,0.0006948534090540892,
Cd,clean,21,area_cv,cv,0.0028585637798294317,0.0016979353942030912,
Cd,augmented,21,amp_mean,mean,0.627705616914754,0.0033885802870297836,
Cd,augmented,21,amp_std,std,0.5422706173442012,0.022009022382421015,
Cd,augmented,21,pos_mean,mean,0.09262106736531939,0.0005552689065214118,
Cd,augmented,21,pos_std,std,0.021492286062977713,0.0002966039073249078,
Cd,augmented,21,wid_mean,mean,23.13170625409031,0.670361060224091,
Cd,augmented,21,wid_std,std,0.016052236684303382,0.0016110157516519292,
Cd,augmented,21,area_mean,mean,1.3741774048091853,0.01746025504326372,
Cd,augmented,21,area_std,std,0.4599408830302404,0.01755177897819025,
Cd,augmented,21,skew_mean,mean,0.6078355693078182,0.021598675529921625,
Cd,augmented,21,skew_std,std,0.7050038476004431,0.002416117779385269,
Cd,augmented,21,snr_mean,mean,0.3289700996563524,0.0059419001082684384,
Cd,augmented,21,snr_std,std,0.027257904792324573,0.0005662980384437781,
Cd,augmented,21,bl_mean,mean,5.153712875546627,0.23216595086500807,
Cd,augmented,21,bl_std,std,0.10594510259591527,0.0017284082121005776,
Cd,augmented,21,amp_cv,cv,0.009720116865677164,0.00045665967187424644,
Cd,augmented,21,pos_cv,cv,0.030886774567960195,0.000686520269489124,
Cd,augmented,21,area_cv,cv,0.022047148708150784,0.00120588404501483,
Pb,clean,21,amp_mean,mean,16.722588145126302,0.8624661798944147,
Pb,clean,21,amp_std,std,0.029572566419858635,0.000903423594279608,
Pb,clean,21,pos_mean,mean,0.2541615206445907,0.010985436375785623,
Pb,clean,21,pos_std,std,0.0,0.0002751836769226194,
Pb,clean,21,wid_mean,mean,0.09269742516293558,0.0021753996271640843,
Pb,clean,21,wid_std,std,0.00034750617283949015,0.00022142047557607004,
Pb,clean,21,area_mean,mean,3.9670513635228133,0.06080116002535928,
Pb,clean,21,area_std,std,0.022043519590956427,0.0014069561924016385,
Pb,clean,21,skew_mean,mean,0.04789916180920646,0.0033351706202551044,
Pb,clean,21,skew_std,std,0.22780906839567305,0.000830896363517294,
Pb,clean,21,snr_mean,mean,2.6313619384871467,0.03448834353146407,
Pb,clean,21,snr_std,std,0.03094744697644799,0.011943908381192442,
Pb,clean,21,bl_mean,mean,0.03609841497417847,0.0060003925022643415,
Pb,clean,21,bl_std,std,0.01463001862623609,0.001533441186184336,
Pb,clean,21,amp_cv,cv,0.04929151946647874,0.000168769764247269,
Pb,clean,21,pos_cv,cv,0.0017446735506627842,0.0001358886148369086,
Pb,clean,21,area_cv,cv,0.6789758143506607,0.002328029174134559,
Pb,augmented,21,amp_mean,mean,15.97484562735913,0.8534410036607439,
Pb,augmented,21,amp_std,std,0.04615974906662666,0.0007832434740642006,
Pb,augmented,21,pos_mean,mean,0.20312077783823637,0.009254276127298488,
Pb,augmented,21,pos_std,std,0.8142397344137121,0.0017821888042933735,
Pb,augmented,21,wid_mean,mean,0.11668171655779255,0.0024339938905049655,
Pb,augmented,21,wid_std,std,0.09576975093482795,0.0006350751710231755,
Pb,augmented,21,area_mean,mean,4.127476534853942,0.0690695280997582,
Pb,augmented,21,area_std,std,0.059734044909816396,0.0034099182964666894,
Pb,augmented,21,skew_mean,mean,0.006943392652786695,0.0037447921217867346,
Pb,augmented,21,skew_std,std,0.013330296815594236,0.0013990060313503016,
Pb,augmented,21,snr_mean,mean,2.7259557156752354,0.03302127647167485,
Pb,augmented,21,snr_std,std,0.03299920625433476,0.012346487692006056,
Pb,augmented,21,bl_mean,mean,0.03094032177774781,0.006189467314721506,
Pb,augmented,21,bl_std,std,0.05481325238099605,0.0017935007469997001,
Pb,augmented,21,amp_cv,cv,0.017105877467586288,4.791910289863786e-05,
Pb,augmented,21,pos_cv,cv,0.045920703170308795,0.00039535102507128186,
Pb,augmented,21,area_cv,cv,0.020531754097439826,0.0002529719693378668,
Cd,clean,34,amp_mean,mean,0.6139774107865111,0.0045295174184011786,
Cd,clean,34,amp_std,std,0.28471943891741536,0.018558418840482024,
Cd,clean,34,pos_mean,mean,0.1568858627387785,0.001315234234859726,
Cd,clean,34,pos_std,std,0.002206082966169676,0.00011521329409934092,
Cd,clean,34,wid_mean,mean,20.05181053565328,0.7029859346295132,
Cd,clean,34,wid_std,std,0.00013549682539689133,0.002449272050272275,
Cd,clean,34,area_mean,mean,0.6106889686012699,0.007055585814315494,
Cd,clean,34,area_std,std,0.012039293730131457,0.0019200175119165276,
Cd,clean,34,skew_mean,mean,0.3025597525253927,0.02042508568290513,
Cd,clean,34,skew_std,std,0.024843254797433784,0.005541103926213177,
Cd,clean,34,snr_mean,mean,0.5724414151077026,0.0032638770807557472,
Cd,clean,34,snr_std,std,0.06304040451488638,0.0007724545176538538,
Cd,clean,34,bl_mean,mean,5.237953106691449,0.22436174092478348,
Cd,clean,34,bl_std,std,0.0232275370492367,0.001641878364821896,
Cd,clean,34,amp_cv,cv,0.07392108317752996,0.0017446796276323867,
Cd,clean,34,pos_cv,cv,0.0037475039233185957,0.00034449643190150026,
Cd,clean,34,area_cv,cv,0.010654354498450775,0.0029754896494730873,
Cd,augmented,34,amp_mean,mean,0.41397491362169625,0.00392536808108997,
Cd,augmented,34,amp_std,std,0.38599887816633915,0.02271860873295176,
Cd,augmented,34,pos_mean,mean,0.13384716648237271,0.0020944543590274457,
Cd,augmented,34,pos_std,std,0.005149750554413057,0.00029954281197496554,
Cd,augmented,34,wid_mean,mean,23.012624057277087,0.6682407758921944,
Cd,augmented,34,wid_std,std,0.0026306978754995934,0.002418579486675311,
Cd,augmented,34,area_mean,mean,0.8170385669377527,0.011619149824113615,
Cd,augmented,34,area_std,std,1.0279951648976116,0.029659443031780464,
Cd,augmented,34,skew_mean,mean,0.19645675426529596,0.010208514466115565,
Cd,augmented,34,skew_std,std,0.04939413966662752,0.002710482657821084,
Cd,augmented,34,snr_mean,mean,0.42331877867318124,0.0064971911434500915,
Cd,augmented,34,snr_std,std,0.02714318140817254,0.0008971148860587668,
Cd,augmented,34,bl_mean,mean,4.114532369191442,0.23370511259667184,
Cd,augmented,34,bl_std,std,0.08238379011676071,0.0016427340339488041,
Cd,augmented,34,amp_cv,cv,0.0023562941282069426,0.0007739940556266484,
Cd,augmented,34,pos_cv,cv,0.0033333552258436984,0.0005304273069638335,
Cd,augmented,34,area_cv,cv,0.005038052529790371,0.002058506633535389,
Pb,clean,34,amp_mean,mean,14.16517203695798,0.8546251287593843,
Pb,clean,34,amp_std,std,0.04981730261122616,0.0007896237403212285,
Pb,clean,34,pos_mean,mean,0.15107002690973445,0.01214813591140124,
Pb,clean,34,pos_std,std,0.0015456277819361152,8.503918899270383e-05,
Pb,clean,34,wid_mean,mean,0.2938363179151612,0.0019444867923174832,
Pb,clean,34,wid_std,std,0.03404241242897331,0.00044688459554789956,
Pb,clean,34,area_mean,mean,2.10889265886683,0.023909457844749668,
Pb,clean,34,area_std,std,0.08969172325007427,0.0048417735895515115,
Pb,clean,34,skew_mean,mean,0.053269141572319524,0.002607316028250384,
Pb,clean,34,skew_std,std,0.25891657424452136,0.001592083570848962,
Pb,clean,34,snr_mean,mean,3.7776539142634533,0.07334377889403706,
Pb,clean,34,snr_std,std,0.06453475480275653,0.007917525815027306,
Pb,clean,34,bl_mean,mean,0.11515380383312249,0.010148791368553792,
Pb,clean,34,bl_std,std,0.03612937978156565,0.0021381597493697335,
Pb,clean,34,amp_cv,cv,0.12546597588743086,0.0005121099342676806,
Pb,clean,34,pos_cv,cv,0.002135675791708991,0.00011266039971424492,
Pb,clean,34,area_cv,cv,0.968946534342888,0.00283704381766476,
Pb,augmented,34,amp_mean,mean,14.95829897300565,0.8614822465197229,
Pb,augmented,34,amp_std,std,0.05065147021236409,0.00028570119729353667,
Pb,augmented,34,pos_mean,mean,0.12074384224262616,0.013665271538737957,
Pb,augmented,34,pos_std,std,0.5418721588030905,0.0012698800694940582,
Pb,augmented,34,wid_mean,mean,0.14477979625506188,0.0019938288286631013,
Pb,augmented,34,wid_std,std,0.030543849555547987,0.0003854472006737995,
Pb,augmented,34,area_mean,mean,2.4261389627030825,0.025735452963247734,
Pb,augmented,34,area_std,std,0.03626587405882479,0.0038209002932254013,
Pb,augmented,34,skew_mean,mean,0.00720192842219044,0.002747593104659039,
Pb,augmented,34,skew_std,std,0.030745012137516226,0.0019610198763815112,
Pb,augmented,34,snr_mean,mean,4.329362633738333,0.06829532963782883,
Pb,augmented,34,snr_std,std,0.04649183123670968,0.00542462537460345,
Pb,augmented,34,bl_mean,mean,0.036797301456470144,0.007387835752456148,
Pb,augmented,34,bl_std,std,0.666029581571381,0.004835889131279919,
Pb,augmented,34,amp_cv,cv,0.013763856805138582,0.0002439169454743554,
Pb,augmented,34,pos_cv,cv,0.0014237336578378419,0.00012444448542463541,
Pb,augmented,34,area_cv,cv,0.021922833425966383,0.00034061708083348724,
Cd,clean,101,amp_mean,mean,0.5195989399479337,0.0025252278892525454,
Cd,clean,101,amp_std,std,0.05115201839961556,0.0015784068872823772,
Cd,clean,101,pos_mean,mean,0.1450263331421532,0.0005214781630339802,
Cd,clean,101,pos_std,std,0.003283001816028114,0.00026357016640406444,
Cd,clean,101,wid_mean,mean,20.573518066798556,0.6824029737385445,
Cd,clean,101,wid_std,std,0.0,0.001668134517735575,
Cd,clean,101,area_mean,mean,0.3673250294559366,0.014171589739339014,
Cd,clean,101,area_std,std,0.006730946869945914,0.0007265513201494928,
Cd,clean,101,skew_mean,mean,0.6308656414916262,0.01880959427918585,
Cd,clean,101,skew_std,std,0.044585131860824925,0.003998966919164245,
Cd,clean,101,snr_mean,mean,1.0903090552035641,0.005421530040125647,
Cd,clean,101,snr_std,std,0.046735299434782766,0.00033003096782524457,
Cd,clean,101,bl_mean,mean,6.784188251757634,0.26392391930173054,
Cd,clean,101,bl_std,std,0.04602202603467357,0.0010580100040939336,
Cd,clean,101,amp_cv,cv,0.09917649565782258,0.0011433822265195178,
Cd,clean,101,pos_cv,cv,0.005317527090536528,0.00039758879020105725,
Cd,clean,101,area_cv,cv,0.009053652750589669,0.0010590450494124522,
Cd,augmented,101,amp_mean,mean,0.32169198154124945,0.0026932302414935647,
Cd,augmented,101,amp_std,std,0.5342416275112781,0.023052828244963033,
Cd,augmented,101,pos_mean,mean,0.18843053597264178,0.0012204036857809423,
Cd,augmented,101,pos_std,std,0.009456306267158682,0.00025613906393060366,
Cd,augmented,101,wid_mean,mean,21.014743264404263,0.673295834858091,
Cd,augmented,101,wid_std,std,0.008824180824564676,0.001664132112143921,
Cd,augmented,101,area_mean,mean,0.5681354574432973,0.018534065869316572,
Cd,augmented,101,area_std,std,0.48556141228876576,0.02269828285297553,
Cd,augmented,101,skew_mean,mean,0.4893731907717214,0.015318160890398893,
Cd,augmented,101,skew_std,std,0.030333344740148864,0.0008858109561245903,
Cd,augmented,101,snr_mean,mean,0.38429855225742704,0.004540858468401395,
Cd,augmented,101,snr_std,std,0.05799267354426365,0.000985066222079238,
Cd,augmented,101,bl_mean,mean,4.018226321146198,0.22847887484424423,
Cd,augmented,101,bl_std,std,0.2930604922469021,0.002748527792682592,
Cd,augmented,101,amp_cv,cv,0.009378313936805016,0.0011240581500222432,
Cd,augmented,101,pos_cv,cv,0.011596820180035878,0.0002219520406982965,
Cd,augmented,101,area_cv,cv,0.006468140264833217,0.0022817737066534553,
Pb,clean,101,amp_mean,mean,13.601144479070664,0.8484837653183789,
Pb,clean,101,amp_std,std,0.05384935257374701,0.0005241173817161625,
Pb,clean,101,pos_mean,mean,0.15441414937234738,0.011439843882345044,
Pb,clean,101,pos_std,std,0.0007011153528822034,4.936907416503065e-05,
Pb,clean,101,wid_mean,mean,0.1837306043982585,0.0017039404694918422,
Pb,clean,101,wid_std,std,0.018015621626180943,0.0002389305128694945,
Pb,clean,101,area_mean,mean,3.1862334759609494,0.037111682919420026,
Pb,clean,101,area_std,std,0.08756052359387267,0.0035149346290006904,
Pb,clean,101,skew_mean,mean,0.008962456386867951,0.0035865820958080976,
Pb,clean,101,skew_std,std,0.27913546908899367,0.005277348258931043,
Pb,clean,101,snr_mean,mean,2.414201128596972,0.05753228581341918,
Pb,clean,101,snr_std,std,0.02422034383644168,0.006157810242875611,
Pb,clean,101,bl_mean,mean,0.08012370497721631,0.007749218362428189,
Pb,clean,101,bl_std,std,0.02206556248766376,0.013801703184159204,
Pb,clean,101,amp_cv,cv,0.03907845907415194,0.0001091926702745624,
Pb,clean,101,pos_cv,cv,0.0007108892877902007,0.00010908509535245891,
Pb,clean,101,area_cv,cv,1.0936721936813165,0.002610190089364483,
Pb,augmented,101,amp_mean,mean,14.647227837239816,0.8245384134550793,
Pb,augmented,101,amp_std,std,0.03389093793054727,0.0008758555611388172,
Pb,augmented,101,pos_mean,mean,0.13962792087669712,0.010782105956260642,
Pb,augmented,101,pos_std,std,0.32267201166500226,0.0007399168550759126,
Pb,augmented,101,wid_mean,mean,0.357084464913514,0.0023341539500889626,
Pb,augmented,101,wid_std,std,0.2551468123594872,0.0006626600223312664,
Pb,augmented,101,area_mean,mean,2.769449425678028,0.028253849430118022,
Pb,augmented,101,area_std,std,0.041763875692417685,0.005896459795148052,
Pb,augmented,101,skew_mean,mean,0.0035793142416738477,0.002263945093781639,
Pb,augmented,101,skew_std,std,0.03389034097688801,0.0053200685866947916,
Pb,augmented,101,snr_mean,mean,3.838873197354714,0.09280119048427966,
Pb,augmented,101,snr_std,std,0.036158100308080296,0.005320854628575367,
Pb,augmented,101,bl_mean,mean,0.053944875920431914,0.0069288261254444325,
Pb,augmented,101,bl_std,std,0.5965535271230776,0.012931460341493567,
Pb,augmented,101,amp_cv,cv,0.007008383608609184,2.767003183541527e-05,
Pb,augmented,101,pos_cv,cv,0.0270699520951095,0.00022428026778541378,
Pb,augmented,101,area_cv,cv,0.0062424798510758136,9.8289414868696e-05,
Cd,clean,202,amp_mean,mean,1.020330750950927,0.004481636190838418,
Cd,clean,202,amp_std,std,0.07926620118718046,0.007480912584626261,
Cd,clean,202,pos_mean,mean,0.07793561849202468,0.0006781517659707561,
Cd,clean,202,pos_std,std,0.0010347320332077248,0.0006323706812725613,
Cd,clean,202,wid_mean,mean,21.6877010098462,0.7025026537248444,
Cd,clean,202,wid_std,std,0.0005983641975308651,0.001420292814943643,
Cd,clean,202,area_mean,mean,0.9933795638615465,0.006949865156426342,
Cd,clean,202,area_std,std,0.008493985507474872,0.0010940446024062368,
Cd,clean,202,skew_mean,mean,1.2025956464211127,0.02327586253507287,
Cd,clean,202,skew_std,std,0.10056185251999636,0.008725796690110013,
Cd,clean,202,snr_mean,mean,2.9689866112898935,0.008355161126339375,
Cd,clean,202,snr_std,std,0.023273986028173127,0.0006955619663513869,
Cd,clean,202,bl_mean,mean,5.91949244253885,0.2289435911339132,
Cd,clean,202,bl_std,std,0.03222767151981998,0.0008839204029799114,
Cd,clean,202,amp_cv,cv,0.05412214110561862,0.001317266231417614,
Cd,clean,202,pos_cv,cv,0.0029946609371593823,0.0004480625003144416,
Cd,clean,202,area_cv,cv,0.0006724548801796404,0.0021148498921726507,
Cd,augmented,202,amp_mean,mean,0.9091963317006961,0.0028500505260560024,
Cd,augmented,202,amp_std,std,1.2549458486210567,0.027396087324823147,
Cd,augmented,202,pos_mean,mean,0.07597862299344024,0.0006907246518367956,
Cd,augmented,202,pos_std,std,0.011389357809655032,0.0004783877356416203,
Cd,augmented,202,wid_mean,mean,22.467331803218748,0.6835648641320278,
Cd,augmented,202,wid_std,std,0.047883609318590536,0.007433523584698287,
Cd,augmented,202,area_mean,mean,0.9204648972798923,0.010581273508903645,
Cd,augmented,202,area_std,std,1.0257122553894988,0.02528385395263728,
Cd,augmented,202,skew_mean,mean,0.9255317281376391,0.020262998616450142,
Cd,augmented,202,skew_std,std,0.058627647112835225,0.0012415760290420306,
Cd,augmented,202,snr_mean,mean,0.3151947130393863,0.007066606481340834,
Cd,augmented,202,snr_std,std,0.022926292881086174,0.0008806417511957637,
Cd,augmented,202,bl_mean,mean,2.6915215560790227,0.20828565142641162,
Cd,augmented,202,bl_std,std,0.1750739721607179,0.001966585027007404,
Cd,augmented,202,amp_cv,cv,0.0017805587163451265,0.0005218470632780689,
Cd,augmented,202,pos_cv,cv,0.03210585468959469,0.000636882667554059,
Cd,augmented,202,area_cv,cv,0.009900616927685757,0.0008584455210955571,
Pb,clean,202,amp_mean,mean,15.090279682216025,0.8624586412668591,
Pb,clean,202,amp_std,std,0.06855283640705959,0.00025753224678870377,
Pb,clean,202,pos_mean,mean,0.2059103543828979,0.01604548321311001,
Pb,clean,202,pos_std,std,0.002363080858834632,0.00010252323440610127,
Pb,clean,202,wid_mean,mean,0.2307585313352915,0.0024755266817052014,
Pb,clean,202,wid_std,std,0.010699292325258087,0.00017829960696511354,
Pb,clean,202,area_mean,mean,3.491491845139733,0.0328545253652635,
Pb,clean,202,area_std,std,0.026271204056311885,0.0022508881761349165,
Pb,clean,202,skew_mean,mean,0.0591481222668627,0.0029841367169031936,
Pb,clean,202,skew_std,std,0.13413895486897917,0.0022096938391546225,
Pb,clean,202,snr_mean,mean,3.573386882995848,0.058885136370352587,
Pb,clean,202,snr_std,std,0.09286204260523907,0.003574453280413183,
Pb,clean,202,bl_mean,mean,0.04349757811454989,0.00782085370101439,
Pb,clean,202,bl_std,std,0.020884588182620494,0.004987211596259446,
Pb,clean,202,amp_cv,cv,0.1427338338366287,0.0005736948498769194,
Pb,clean,202,pos_cv,cv,0.0009361742676376572,2.025572126344901e-06,
Pb,clean,202,area_cv,cv,0.7965761824076708,0.0023393742826665733,
Pb,augmented,202,amp_mean,mean,14.499107503851778,0.8638004329904991,
Pb,augmented,202,amp_std,std,0.030555485488814576,0.00021183750380911323,
Pb,augmented,202,pos_mean,mean,0.09205467242484786,0.011141953723379745,
Pb,augmented,202,pos_std,std,0.6580590972804864,0.0015486782697821215,
Pb,augmented,202,wid_mean,mean,0.3788444790931208,0.002370766922813668,
Pb,augmented,202,wid_std,std,0.17768776775465245,0.0008166211548613676,
Pb,augmented,202,area_mean,mean,3.267890314228564,0.03347244374023339,
Pb,augmented,202,area_std,std,0.031471148311432,0.015436633837606054,
Pb,augmented,202,skew_mean,mean,0.021088555321543728,0.0025364353672932176,
Pb,augmented,202,skew_std,std,0.017178498083173014,0.0015024836268565129,
Pb,augmented,202,snr_mean,mean,3.415032984943152,0.05237428038595107,
Pb,augmented,202,snr_std,std,0.040311845255511305,0.0031936374049053107,
Pb,augmented,202,bl_mean,mean,0.03234608089404205,0.008153180854494374,
Pb,augmented,202,bl_std,std,0.29971229578062913,0.0027722991213722857,
Pb,augmented,202,amp_cv,cv,0.00909190704435606,3.520427910347626e-05,
Pb,augmented,202,pos_cv,cv,0.13724217349609238,0.0004319293319410006,
Pb,augmented,202,area_cv,cv,0.005304238716649248,0.0002011814850982233,
Cd,clean,303,amp_mean,mean,0.47727904992677034,0.0026850222265023095,
Cd,clean,303,amp_std,std,0.06483281646632973,0.001029130955912316,
Cd,clean,303,pos_mean,mean,0.12899595520438484,0.0009524950104044635,
Cd,clean,303,pos_std,std,0.020545623861711278,0.0005124578010399865,
Cd,clean,303,wid_mean,mean,18.328407722195067,0.693397791758621,
Cd,clean,303,wid_std,std,0.004417875308641983,0.0014371128838805154,
Cd,clean,303,area_mean,mean,0.6882554428377704,0.005114759994366656,
Cd,clean,303,area_std,std,0.013860005094690908,0.001246917493470636,
Cd,clean,303,skew_mean,mean,0.4770209741861845,0.017834180207552643,
Cd,clean,303,skew_std,std,0.059212442830346323,0.005994356320925565,
Cd,clean,303,snr_mean,mean,2.6563853800340733,0.009345131116283096,
Cd,clean,303,snr_std,std,0.02453001006665862,0.0003758874681475602,
Cd,clean,303,bl_mean,mean,7.528361291084435,0.25407881895381035,
Cd,clean,303,bl_std,std,0.032587326488395345,0.000782666761537779,
Cd,clean,303,amp_cv,cv,0.10592747170306874,0.0009459178132474872,
Cd,clean,303,pos_cv,cv,0.0038506817495442157,0.00022097338226675467,
Cd,clean,303,area_cv,cv,0.0,0.004046379852030971,
Cd,augmented,303,amp_mean,mean,0.6579780786276349,0.0027627724314487692,
Cd,augmented,303,amp_std,std,0.6127286059715056,0.030970549876430702,
Cd,augmented,303,pos_mean,mean,0.25451559790582745,0.002137091910889317,
Cd,augmented,303,pos_std,std,0.017417598098481823,0.0004766604736303517,
Cd,augmented,303,wid_mean,mean,19.454737032296052,0.6572031019505385,
Cd,augmented,303,wid_std,std,0.0035800042328043014,0.0016697522976708372,
Cd,augmented,303,area_mean,mean,0.5785339705984204,0.01405485692745117,
Cd,augmented,303,area_std,std,0.8790491606600982,0.03528499138103126,
Cd,augmented,303,skew_mean,mean,0.13957533811762057,0.016853655094259443,
Cd,augmented,303,skew_std,std,0.14488302094273728,0.00105679372971695,
Cd,augmented,303,snr_mean,mean,0.20013201932427488,0.00659785427586783,
Cd,augmented,303,snr_std,std,0.028853681528835485,0.0008485589601151177,
Cd,augmented,303,bl_mean,mean,4.023239482929749,0.22642467839718677,
Cd,augmented,303,bl_std,std,0.017995576299484117,0.0009409222058104705,
Cd,augmented,303,amp_cv,cv,0.03865543833684885,0.0007848053360703151,
Cd,augmented,303,pos_cv,cv,0.006563164368488283,0.0005438691394315101,
Cd,augmented,303,area_cv,cv,0.015087251685839265,0.0013890856124505761,
Pb,clean,303,amp_mean,mean,13.960653905646561,0.8592607399918213,
Pb,clean,303,amp_std,std,0.06519630190321277,0.00039406637807077243,
Pb,clean,303,pos_mean,mean,0.19724847550954272,0.01481105055763238,
Pb,clean,303,pos_std,std,0.0026077533509700213,0.00021731897342814179,
Pb,clean,303,wid_mean,mean,0.1591240607802335,0.0011665414933063058,
Pb,clean,303,wid_std,std,0.011800917612552619,0.00013316669921259943,
Pb,clean,303,area_mean,mean,2.401865653354799,0.02985699177918986,
Pb,clean,303,area_std,std,0.0560156922391157,0.0015030186915173185,
Pb,clean,303,skew_mean,mean,0.05305950772684496,0.0027140093293722164,
Pb,clean,303,skew_std,std,0.30003476464160267,0.0008059985733090151,
Pb,clean,303,snr_mean,mean,3.117108405900565,0.07575991775796002,
Pb,clean,303,snr_std,std,0.058977569063910315,0.0009558975654452681,
Pb,clean,303,bl_mean,mean,0.07113498351965059,0.005009938641218682,
Pb,clean,303,bl_std,std,0.017871962927547454,0.003914180950093233,
Pb,clean,303,amp_cv,cv,0.06532090214720213,0.00021739473029777496,
Pb,clean,303,pos_cv,cv,0.004611750527410247,0.0002886499018406663,
Pb,clean,303,area_cv,cv,0.8624692181164673,0.0029911179862843196,
Pb,augmented,303,amp_mean,mean,13.516859767224313,0.8598662417264663,
Pb,augmented,303,amp_std,std,0.037312961785177234,0.0002456431838636608,
Pb,augmented,303,pos_mean,mean,0.14571174544010668,0.013830788734162564,
Pb,augmented,303,pos_std,std,0.6010281973418772,0.0017651702570447819,
Pb,augmented,303,wid_mean,mean,0.0018242123456790383,0.0008153563803181317,
Pb,augmented,303,wid_std,std,0.00927208558609005,0.0003592778458231771,
Pb,augmented,303,area_mean,mean,2.9249426091932955,0.029502988877373286,
Pb,augmented,303,area_std,std,0.07500600896433378,0.00745522617336419,
Pb,augmented,303,skew_mean,mean,0.003614249160004379,0.0026208681738211967,
Pb,augmented,303,skew_std,std,0.002066569949958669,0.00031282676719862276,
Pb,augmented,303,snr_mean,mean,3.214979258427489,0.07281246730824212,
Pb,augmented,303,snr_std,std,0.03687154880200365,0.0007272134313096247,
Pb,augmented,303,bl_mean,mean,0.032166010431810846,0.0033908875558168895,
Pb,augmented,303,bl_std,std,0.5256984528392488,0.005837370914135278,
Pb,augmented,303,amp_cv,cv,0.001791787415614554,5.3723222335942396e-05,
Pb,augmented,303,pos_cv,cv,0.07532365504057865,0.00035165969549228273,
Pb,augmented,303,area_cv,cv,0.011637278182457467,5.2289753231982714e-05,
Cd,clean,404,amp_mean,mean,1.0491082760500763,0.004637845053140217,
Cd,clean,404,amp_std,std,0.06833081460105825,0.0030065111082924496,
Cd,clean,404,pos_mean,mean,0.09495119437591708,0.0009410111311571937,
Cd,clean,404,pos_std,std,0.000802655819842929,0.0003903754835896634,
Cd,clean,404,wid_mean,mean,22.505284290243956,0.6785982433501024,
Cd,clean,404,wid_std,std,0.0010300672839506086,0.002806579679994863,
Cd,clean,404,area_mean,mean,1.1464503392339067,0.011705622390967807,
Cd,clean,404,area_std,std,0.012036121087954793,0.0016041128145652724,
Cd,clean,404,skew_mean,mean,0.47913133909126165,0.018783344995607708,
Cd,clean,404,skew_std,std,0.07740647778292456,0.008547985893081438,
Cd,clean,404,snr_mean,mean,3.6378078258660826,0.006669788642324554,
Cd,clean,404,snr_std,std,0.04017480435592446,0.0004735493865622871,
Cd,clean,404,bl_mean,mean,8.514473701475154,0.25681918724809977,
Cd,clean,404,bl_std,std,0.03473721047152791,0.001243408273487259,
Cd,clean,404,amp_cv,cv,0.08998250703919651,0.0012375422203393096,
Cd,clean,404,pos_cv,cv,0.002561588345790283,0.0007843444862262673,
Cd,clean,404,area_cv,cv,0.01354173023506961,0.0017505478424615544,
Cd,augmented,404,amp_mean,mean,1.5820801605011188,0.004249416593945567,
Cd,augmented,404,amp_std,std,1.107048635623064,0.03412429206031,
Cd,augmented,404,pos_mean,mean,0.07608745864197257,0.0005552809381121482,
Cd,augmented,404,pos_std,std,0.016834586145425934,0.0003995584027457803,
Cd,augmented,404,wid_mean,mean,24.392270936965424,0.6581239700021805,
Cd,augmented,404,wid_std,std,0.001756292239858881,0.002608106867251468,
Cd,augmented,404,area_mean,mean,1.6330157404014518,0.017268660809009517,
Cd,augmented,404,area_std,std,0.47063692955604514,0.025821673811202987,
Cd,augmented,404,skew_mean,mean,0.2804564511894828,0.01623116276529769,
Cd,augmented,404,skew_std,std,0.06532947948187637,0.0015192250103201756,
Cd,augmented,404,snr_mean,mean,0.2422328857500342,0.005523226817749818,
Cd,augmented,404,snr_std,std,0.019709256430275657,0.0004911378055134594,
Cd,augmented,404,bl_mean,mean,5.324681199186531,0.22987679406894393,
Cd,augmented,404,bl_std,std,0.1587659676427411,0.0016276779981160326,
Cd,augmented,404,amp_cv,cv,0.01930392285355702,0.00035446597681914444,
Cd,augmented,404,pos_cv,cv,0.013014294923184316,0.0002716408446747282,
Cd,augmented,404,area_cv,cv,0.0064961013871048965,0.0009537092278070919,
Pb,clean,404,amp_mean,mean,12.844052195043654,0.8117394190902373,
Pb,clean,404,amp_std,std,0.03499492392415492,0.0018536498142153494,
Pb,clean,404,pos_mean,mean,0.18964884343943858,0.008676102290995151,
Pb,clean,404,pos_std,std,0.001988195233993706,0.00031453533132298186,
Pb,clean,404,wid_mean,mean,0.3988513439689164,0.002667463031330231,
Pb,clean,404,wid_std,std,0.11024643275999413,0.0008349161448138507,
Pb,clean,404,area_mean,mean,2.9046135374646367,0.025454372085087426,
Pb,clean,404,area_std,std,0.022856717493063318,0.004893057633323724,
Pb,clean,404,skew_mean,mean,0.05408183427418813,0.0030926660317450805,
Pb,clean,404,skew_std,std,0.26739300911584907,0.001289468046847232,
Pb,clean,404,snr_mean,mean,4.196108606244261,0.10136423418593535,
Pb,clean,404,snr_std,std,0.008340385409121048,0.013191312826661888,
Pb,clean,404,bl_mean,mean,0.0972086813562479,0.016937740006392584,
Pb,clean,404,bl_std,std,0.012388058998811291,0.004367371421266862,
Pb,clean,404,amp_cv,cv,0.04666415834039864,0.0002083284833818185,
Pb,clean,404,pos_cv,cv,0.00011049359045974815,0.0005585772248153648,
Pb,clean,404,area_cv,cv,0.7980541025812167,0.0025567863516278272,
Pb,augmented,404,amp_mean,mean,13.4809000969336,0.7858108281265878,
Pb,augmented,404,amp_std,std,0.039118371890232616,0.001837497998015083,
Pb,augmented,404,pos_mean,mean,0.12532850229921128,0.011281909051160716,
Pb,augmented,404,pos_std,std,0.046745290625165754,0.0004816897632909126,
Pb,augmented,404,wid_mean,mean,0.07143912426303638,0.0017812048324483325,
Pb,augmented,404,wid_std,std,0.13012395956089182,0.0005780709232290075,
Pb,augmented,404,area_mean,mean,3.471945563789356,0.033819883296854966,
Pb,augmented,404,area_std,std,0.15458882500528368,0.005671607354826526,
Pb,augmented,404,skew_mean,mean,0.002360866767377351,0.0027227109086541616,
Pb,augmented,404,skew_std,std,0.06896101714596288,0.0015357177573653662,
Pb,augmented,404,snr_mean,mean,4.5117728370506525,0.11780901429845746,
Pb,augmented,404,snr_std,std,0.06266635579933032,0.007344143326312091,
Pb,augmented,404,bl_mean,mean,0.04549115411473768,0.017818651125461167,
Pb,augmented,404,bl_std,std,0.9819600124001369,0.01039958403721736,
Pb,augmented,404,amp_cv,cv,0.023149433058088108,0.00011213868337613902,
Pb,augmented,404,pos_cv,cv,0.0046534676391538745,0.0005879525386477929,
Pb,augmented,404,area_cv,cv,0.006085956270433518,0.000407395978095142,
Cd,clean,505,amp_mean,mean,1.3506987743739012,0.004236374268049977,
Cd,clean,505,amp_std,std,0.08026854755040161,0.002845032517911089,
Cd,clean,505,pos_mean,mean,0.10131610246806895,0.0008110383601866031,
Cd,clean,505,pos_std,std,0.013477520252408153,0.0005700108137175152,
Cd,clean,505,wid_mean,mean,22.251230040553367,0.6954215014252132,
Cd,clean,505,wid_std,std,0.0007519878306878197,0.0021542070723650007,
Cd,clean,505,area_mean,mean,1.2245109909769463,0.012876525805672275,
Cd,clean,505,area_std,std,0.011153750996870748,0.0017918998087692178,
Cd,clean,505,skew_mean,mean,0.7212117568985289,0.023548948369345433,
Cd,clean,505,skew_std,std,0.07760491151605112,0.005354746513716882,
Cd,clean,505,snr_mean,mean,2.8513028307792805,0.006035700114164435,
Cd,clean,505,snr_std,std,0.0609630115813948,0.0006744331079270446,
Cd,clean,505,bl_mean,mean,9.344923262915861,0.236597893098964,
Cd,clean,505,bl_std,std,0.04144176315145361,0.0016651060128650345,
Cd,clean,505,amp_cv,cv,0.08030830188684582,0.0022897424221430722,
Cd,clean,505,pos_cv,cv,0.002493431999585444,0.0007474706562893947,
Cd,clean,505,area_cv,cv,0.003942044715764597,0.002379369632699762,
Cd,augmented,505,amp_mean,mean,1.268453832745436,0.003222850834598394,
Cd,augmented,505,amp_std,std,0.6218012461205692,0.02135337875100103,
Cd,augmented,505,pos_mean,mean,0.2011057883652422,0.0015656757796376458,
Cd,augmented,505,pos_std,std,0.001833831515327361,0.000459726960153592,
Cd,augmented,505,wid_mean,mean,23.313255081997124,0.6647360418814083,
Cd,augmented,505,wid_std,std,0.01454811684284667,0.00850848178360754,
Cd,augmented,505,area_mean,mean,1.7322883595547058,0.023624414799082175,
Cd,augmented,505,area_std,std,0.7979207062469815,0.023772616515463422,
Cd,augmented,505,skew_mean,mean,0.47266961095007687,0.01447563908325431,
Cd,augmented,505,skew_std,std,0.06878536272724563,0.0017594093821867312,
Cd,augmented,505,snr_mean,mean,0.7095032135502272,0.00626098069197503,
Cd,augmented,505,snr_std,std,0.009786325063911722,0.0005079273056322416,
Cd,augmented,505,bl_mean,mean,6.262606890878024,0.2255569338934914,
Cd,augmented,505,bl_std,std,0.12672123136946722,0.0018614252294461263,
Cd,augmented,505,amp_cv,cv,0.01828951641362423,0.0007605689040837616,
Cd,augmented,505,pos_cv,cv,0.0029357681607285746,0.0003726420468113154,
Cd,augmented,505,area_cv,cv,0.00991808291865261,0.0012012861581670007,
Pb,clean,505,amp_mean,mean,17.25363586179825,0.8831176371104139,
Pb,clean,505,amp_std,std,0.008955793478155737,0.0008396228930683812,
Pb,clean,505,pos_mean,mean,0.16756016809938848,0.012326377918198374,
Pb,clean,505,pos_std,std,0.000659870370370344,2.2338112937301426e-05,
Pb,clean,505,wid_mean,mean,0.09520998254344522,0.001651817982656343,
Pb,clean,505,wid_std,std,0.0006967197530864027,0.00024271882131369964,
Pb,clean,505,area_mean,mean,3.4673001746163044,0.02988525800569688,
Pb,clean,505,area_std,std,0.050602559287023154,0.007361198264954378,
Pb,clean,505,skew_mean,mean,0.04007759717284891,0.0035779925831116322,
Pb,clean,505,skew_std,std,0.19084903278953927,0.005341872472456309,
Pb,clean,505,snr_mean,mean,2.7335444424528097,0.0397024624629133,
Pb,clean,505,snr_std,std,0.03498208295860886,0.0009419052026736209,
Pb,clean,505,bl_mean,mean,0.058307695073057574,0.007705778010992607,
Pb,clean,505,bl_std,std,0.010846723855883544,0.004055443392804041,
Pb,clean,505,amp_cv,cv,0.0017356739773826651,5.2810279215131495e-05,
Pb,clean,505,pos_cv,cv,0.0001607894486267747,0.0006675917132632622,
Pb,clean,505,area_cv,cv,0.7132892339700282,0.0025071747733308365,
Pb,augmented,505,amp_mean,mean,16.25314242123767,0.8823503628100439,
Pb,augmented,505,amp_std,std,0.1032079497132979,0.00040808569025298225,
Pb,augmented,505,pos_mean,mean,0.14385680563699618,0.011341750765251391,
Pb,augmented,505,pos_std,std,0.31147419085147227,0.000913162707432355,
Pb,augmented,505,wid_mean,mean,0.00499213703703712,0.0019458509244088711,
Pb,augmented,505,wid_std,std,0.0008188765432099787,0.00016052621005561418,
Pb,augmented,505,area_mean,mean,3.5632349074977703,0.02974854506238744,
Pb,augmented,505,area_std,std,0.04570384446043801,0.014454345880933965,
Pb,augmented,505,skew_mean,mean,0.023924595603043976,0.002319756579898251,
Pb,augmented,505,skew_std,std,0.10381540713185386,0.0044437625481484454,
Pb,augmented,505,snr_mean,mean,2.9523304854517387,0.03475420381569472,
Pb,augmented,505,snr_std,std,0.006050023269263516,0.00041640701335576895,
Pb,augmented,505,bl_mean,mean,0.0367880537503011,0.007954101262177951,
Pb,augmented,505,bl_std,std,0.8688518486706593,0.007830862744183043,
Pb,augmented,505,amp_cv,cv,0.004841769984878707,0.00018904971642713086,
Pb,augmented,505,pos_cv,cv,0.015892533264847408,0.00023631785049107922,
Pb,augmented,505,area_cv,cv,0.01055143935799686,0.0005329084188571885,
Cd,clean,606,amp_mean,mean,0.6245867475083507,0.002282974927261062,
Cd,clean,606,amp_std,std,0.03939436769021129,0.002367355357253736,
Cd,clean,606,pos_mean,mean,0.12960573556595975,0.0008709669254071093,
Cd,clean,606,pos_std,std,0.0015395016878411883,0.0002328853311570498,
Cd,clean,606,wid_mean,mean,22.229377678529744,0.6925951753096632,
Cd,clean,606,wid_std,std,0.0,0.0009982217146164902,
Cd,clean,606,area_mean,mean,0.6189147911810513,0.008787668631703252,
Cd,clean,606,area_std,std,0.00433990334353534,0.0012092499498218973,
Cd,clean,606,skew_mean,mean,1.3239795175975333,0.029508079304136937,
Cd,clean,606,skew_std,std,0.07324571071213659,0.002684204151395897,
Cd,clean,606,snr_mean,mean,0.2361571211128227,0.0057748323057984835,
Cd,clean,606,snr_std,std,0.06126694601098122,0.0005919354445841581,
Cd,clean,606,bl_mean,mean,7.3029941888405645,0.24568231050922618,
Cd,clean,606,bl_std,std,0.03826636129635998,0.0008119332185321686,
Cd,clean,606,amp_cv,cv,0.03483086025199554,0.0007241236931847092,
Cd,clean,606,pos_cv,cv,0.031836234591166364,0.001231179647603366,
Cd,clean,606,area_cv,cv,0.0,0.0036469035786542317,
Cd,augmented,606,amp_mean,mean,0.18982062704312944,0.0028206982453062154,
Cd,augmented,606,amp_std,std,0.9132943827860348,0.03253975422991552,
Cd,augmented,606,pos_mean,mean,0.35920801550777337,0.001496741890370226,
Cd,augmented,606,pos_std,std,0.007004436274617299,0.0004749737613185445,
Cd,augmented,606,wid_mean,mean,21.261052220449706,0.6180020749252768,
Cd,augmented,606,wid_std,std,0.5412601128384648,0.05309666053137776,
Cd,augmented,606,area_mean,mean,0.7134279126540136,0.022128783070727957,
Cd,augmented,606,area_std,std,0.9272909762765214,0.021663481841967036,
Cd,augmented,606,skew_mean,mean,0.2984358877550969,0.019291357946648824,
Cd,augmented,606,skew_std,std,0.1252722395076272,0.003402626193456845,
Cd,augmented,606,snr_mean,mean,0.23188944162217923,0.0059634034039600945,
Cd,augmented,606,snr_std,std,0.053557348084409984,0.0012517602442365487,
Cd,augmented,606,bl_mean,mean,4.626710634015875,0.21098089872051382,
Cd,augmented,606,bl_std,std,0.11403477665275016,0.0010069062895329192,
Cd,augmented,606,amp_cv,cv,0.005594726138391809,0.0016076754032506066,
Cd,augmented,606,pos_cv,cv,0.020613999011661062,0.00043430366591820836,
Cd,augmented,606,area_cv,cv,0.0011586535104514128,0.003837899636222062,
Pb,clean,606,amp_mean,mean,16.372078242834693,0.9069156143001689,
Pb,clean,606,amp_std,std,0.019279695722814953,0.00097081795090681,
Pb,clean,606,pos_mean,mean,0.22047036979581142,0.009177917951998751,
Pb,clean,606,pos_std,std,0.000646263534818331,0.00026481398063138266,
Pb,clean,606,wid_mean,mean,0.31173218967702954,0.0010427256508507299,
Pb,clean,606,wid_std,std,0.09427546252241478,0.00030560495271911064,
Pb,clean,606,area_mean,mean,2.5936364007611665,0.020885406459272667,
Pb,clean,606,area_std,std,0.028603426764817842,0.002353919302418103,
Pb,clean,606,skew_mean,mean,0.0340316152962042,0.002509834694420855,
Pb,clean,606,skew_std,std,0.07601166855838269,0.0031555905177983587,
Pb,clean,606,snr_mean,mean,2.623696646530965,0.02378417206211893,
Pb,clean,606,snr_std,std,0.03772146632365454,0.004539327374686,
Pb,clean,606,bl_mean,mean,0.025666786877362006,0.008850271165894878,
Pb,clean,606,bl_std,std,0.017642987231740643,0.01363624039621499,
Pb,clean,606,amp_cv,cv,0.025055950533442516,0.0002190173893883093,
Pb,clean,606,pos_cv,cv,0.0004960903720448995,0.00015907871933396994,
Pb,clean,606,area_cv,cv,0.42074314558548076,0.0012296471311771743,
Pb,augmented,606,amp_mean,mean,16.566338496303125,0.897278751912463,
Pb,augmented,606,amp_std,std,0.04475556892712397,0.0015248972215908861,
Pb,augmented,606,pos_mean,mean,0.1452036291122955,0.008230975984028254,
Pb,augmented,606,pos_std,std,1.1494491540155278,0.0021207971787300206,
Pb,augmented,606,wid_mean,mean,0.09439663727311987,0.002101105587619516,
Pb,augmented,606,wid_std,std,4.9074074074045845e-05,2.4751235680717625e-05,
Pb,augmented,606,area_mean,mean,2.5100606537911387,0.019240560504146808,
Pb,augmented,606,area_std,std,0.0441781440454397,0.0032576660545936315,
Pb,augmented,606,skew_mean,mean,0.019055463594751614,0.0028664520878520492,
Pb,augmented,606,skew_std,std,0.1260949149605608,0.003266270757173695,
Pb,augmented,606,snr_mean,mean,2.6621621960633126,0.030504748174530118,
Pb,augmented,606,snr_std,std,0.0421986905585638,0.005429226473673023,
Pb,augmented,606,bl_mean,mean,0.032658121208532134,0.008970661311332236,
Pb,augmented,606,bl_std,std,0.30858595425082436,0.01470988925045621,
Pb,augmented,606,amp_cv,cv,0.006616325477214091,7.621778034605838e-05,
Pb,augmented,606,pos_cv,cv,0.043567884317134604,0.00026889061394555226,
Pb,augmented,606,area_cv,cv,0.002980072381908444,0.00012813787183831775,
Cd,clean,808,amp_mean,mean,0.817256862940862,0.003951748052019994,
Cd,clean,808,amp_std,std,0.05179276816681623,0.0014719582635280956,
Cd,clean,808,pos_mean,mean,0.10201340773098573,0.0007697482700416016,
Cd,clean,808,pos_std,std,0.0021782597865000475,0.000509036069809531,
Cd,clean,808,wid_mean,mean,19.271697809090547,0.6787168792118012,
Cd,clean,808,wid_std,std,4.522072310408909e-05,0.0023193923288796947,
Cd,clean,808,area_mean,mean,0.8757456010336659,0.023064699219540668,
Cd,clean,808,area_std,std,0.008015003813040784,0.0014087785746154603,
Cd,clean,808,skew_mean,mean,0.39959614003874394,0.022492138251297047,
Cd,clean,808,skew_std,std,0.04325427234971657,0.005669556611109437,
Cd,clean,808,snr_mean,mean,2.4843183458842044,0.006035388230180229,
Cd,clean,808,snr_std,std,0.03291025308760218,0.0007270711781944868,
Cd,clean,808,bl_mean,mean,8.007323819681949,0.2477986972354211,
Cd,clean,808,bl_std,std,0.04350243148876461,0.001418342098279585,
Cd,clean,808,amp_cv,cv,0.0351310608870075,0.0010421373928972957,
Cd,clean,808,pos_cv,cv,0.004459946774006423,0.0006301374624560282,
Cd,clean,808,area_cv,cv,0.003133005678862988,0.0019742915499285293,
Cd,augmented,808,amp_mean,mean,1.4495095626333605,0.005244695261239425,
Cd,augmented,808,amp_std,std,0.5733466091710874,0.023696524416288587,
Cd,augmented,808,pos_mean,mean,0.19943559376282266,0.0009640633360291794,
Cd,augmented,808,pos_std,std,0.009359991630374986,0.0009401811958285722,
Cd,augmented,808,wid_mean,mean,19.041391490431398,0.6684321056474627,
Cd,augmented,808,wid_std,std,0.004743933675089967,0.0010725193926700795,
Cd,augmented,808,area_mean,mean,1.998363422053448,0.02973314528479464,
Cd,augmented,808,area_std,std,0.6414816618824576,0.029124387685091287,
Cd,augmented,808,skew_mean,mean,0.35809941706162207,0.019304021279583097,
Cd,augmented,808,skew_std,std,0.09163326367069867,0.0019486541222210317,
Cd,augmented,808,snr_mean,mean,0.3311081188492025,0.005489127564756443,
Cd,augmented,808,snr_std,std,0.05133170590124876,0.000978245819625282,
Cd,augmented,808,bl_mean,mean,3.8586639139516725,0.20975201673817256,
Cd,augmented,808,bl_std,std,0.13820771409302493,0.0009769458364915393,
Cd,augmented,808,amp_cv,cv,0.006932567078475643,0.0008892244476352152,
Cd,augmented,808,pos_cv,cv,0.004200277165773647,0.0006123596783185194,
Cd,augmented,808,area_cv,cv,0.005060185022167041,0.0008417822937918233,
Pb,clean,808,amp_mean,mean,11.923919642927961,0.7932015225590571,
Pb,clean,808,amp_std,std,0.06462359543827287,0.0005300494728282671,
Pb,clean,808,pos_mean,mean,0.1788120459881283,0.007872862382244526,
Pb,clean,808,pos_std,std,0.002927865632515675,0.0002521181135130023,
Pb,clean,808,wid_mean,mean,0.1048512646917604,0.0032859871278491403,
Pb,clean,808,wid_std,std,0.014533655202024093,0.00030216008618688656,
Pb,clean,808,area_mean,mean,2.2679099031557755,0.02255578434537997,
Pb,clean,808,area_std,std,0.01682370474221091,0.004435678666477433,
Pb,clean,808,skew_mean,mean,0.027078835230461985,0.0031522248460885507,
Pb,clean,808,skew_std,std,0.1303750455630371,0.0009214941538761094,
Pb,clean,808,snr_mean,mean,3.663164896306759,0.1268278777618636,
Pb,clean,808,snr_std,std,0.017265477690079033,0.013189032519842095,
Pb,clean,808,bl_mean,mean,0.06258972014910051,0.01434187541550069,
Pb,clean,808,bl_std,std,0.02815753536372741,0.006618424589276375,
Pb,clean,808,amp_cv,cv,0.14094462713489966,0.00046620634670795986,
Pb,clean,808,pos_cv,cv,0.005237518823497339,0.00020022645823299584,
Pb,clean,808,area_cv,cv,0.5110777059652425,0.0018464751550752703,
Pb,augmented,808,amp_mean,mean,11.72761666101213,0.737091367413475,
Pb,augmented,808,amp_std,std,0.04518694062686947,0.0008637963700174073,
Pb,augmented,808,pos_mean,mean,0.11785714948347889,0.008714135980926848,
Pb,augmented,808,pos_std,std,0.5518614638264152,0.0014151504732504983,
Pb,augmented,808,wid_mean,mean,0.11781358890511613,0.003183176276061089,
Pb,augmented,808,wid_std,std,0.012780518623083473,0.00020050168621041486,
Pb,augmented,808,area_mean,mean,2.417976381395823,0.022883431288592677,
Pb,augmented,808,area_std,std,0.0625221611025371,0.00893320071902074,
Pb,augmented,808,skew_mean,mean,0.020843113160938852,0.003094392983572204,
Pb,augmented,808,skew_std,std,0.23145988634659886,0.0040078592155136684,
Pb,augmented,808,snr_mean,mean,4.062062263074409,0.18225270894556456,
Pb,augmented,808,snr_std,std,0.044864122496821215,0.005779139556356588,
Pb,augmented,808,bl_mean,mean,0.043180711651120536,0.01350322234174093,
Pb,augmented,808,bl_std,std,0.22016890094780472,0.0075290861035073806,
Pb,augmented,808,amp_cv,cv,0.001685286516861334,0.00015027652616624986,
Pb,augmented,808,pos_cv,cv,0.016632683079882454,0.00016634168206721144,
Pb,augmented,808,area_cv,cv,0.004621343021482543,0.00023221243795669088,
